{"accuracy": [0.720370352268219, 0.7685185074806213, 0.7749999761581421, 0.7749999761581421, 0.7787036895751953, 0.7916666865348816, 0.8027777671813965, 0.7972221970558167, 0.8055555820465088, 0.8037037253379822, 0.8055555820465088, 0.8037037253379822, 0.8074073791503906, 0.8083333373069763, 0.8194444179534912, 0.8166666626930237, 0.8212962746620178, 0.8185185194015503, 0.8444444537162781, 0.8935185074806213], "loss": [0.5103695392608643, 0.4448739290237427, 0.4295426309108734, 0.41997769474983215, 0.4113401770591736, 0.40130743384361267, 0.3922877609729767, 0.3903752565383911, 0.38320761919021606, 0.37725207209587097, 0.3746432662010193, 0.36885949969291687, 0.3630206286907196, 0.3607054650783539, 0.3531889021396637, 0.3459179997444153, 0.34496384859085083, 0.3640129566192627, 0.31353405117988586, 0.2374461144208908], "val_accuracy": [0.699999988079071, 0.7166666388511658, 0.7583333253860474, 0.7916666865348816, 0.7916666865348816, 0.800000011920929, 0.8083333373069763, 0.8166666626930237, 0.8083333373069763, 0.8166666626930237, 0.824999988079071, 0.8083333373069763, 0.8083333373069763, 0.800000011920929, 0.8083333373069763, 0.8083333373069763, 0.8083333373069763, 0.824999988079071, 0.9083333611488342, 0.8666666746139526], "val_loss": [0.49889710545539856, 0.46564897894859314, 0.4492453634738922, 0.43304798007011414, 0.4257291257381439, 0.4152849316596985, 0.39887040853500366, 0.39383432269096375, 0.38499900698661804, 0.3757103681564331, 0.37296876311302185, 0.36423632502555847, 0.3613829016685486, 0.35214462876319885, 0.351838618516922, 0.34679144620895386, 0.32899996638298035, 0.3210016191005707, 0.19464245438575745, 0.2845720946788788], "learning_rate": [0.0010000000474974513, 0.0010000000474974513, 0.0010000000474974513, 0.0010000000474974513, 0.0010000000474974513, 0.0010000000474974513, 0.0010000000474974513, 0.0010000000474974513, 0.0010000000474974513, 0.0010000000474974513, 0.0010000000474974513, 0.0010000000474974513, 0.0010000000474974513, 0.0010000000474974513, 0.0010000000474974513, 0.0010000000474974513, 0.0010000000474974513, 0.0010000000474974513, 0.0010000000474974513, 0.0010000000474974513]}