{"accuracy": [0.75, 0.8481481671333313, 0.8638888597488403, 0.8916666507720947, 0.8814814686775208, 0.9240740537643433, 0.9314814805984497, 0.9444444179534912, 0.949999988079071, 0.949999988079071, 0.9472222328186035, 0.9555555582046509, 0.9555555582046509, 0.9685184955596924, 0.9638888835906982], "loss": [0.47002503275871277, 0.34560251235961914, 0.2987893223762512, 0.2331649512052536, 0.23551587760448456, 0.1720256358385086, 0.1504218429327011, 0.12057113647460938, 0.12947459518909454, 0.12202829122543335, 0.11998295038938522, 0.09338220953941345, 0.10050254315137863, 0.08163422346115112, 0.10218638926744461], "val_accuracy": [0.8500000238418579, 0.8666666746139526, 0.8999999761581421, 0.875, 0.9666666388511658, 0.8999999761581421, 0.9333333373069763, 0.9583333134651184, 0.925000011920929, 0.925000011920929, 0.9166666865348816, 0.949999988079071, 0.9583333134651184, 0.9583333134651184, 0.9583333134651184], "val_loss": [0.3718997836112976, 0.29980966448783875, 0.2274826318025589, 0.27116209268569946, 0.10821326822042465, 0.17356404662132263, 0.12325140833854675, 0.07988597452640533, 0.14435727894306183, 0.12525293231010437, 0.12443456798791885, 0.08339619636535645, 0.09456691890954971, 0.07931486517190933, 0.1036301925778389]}