{"accuracy": [0.729629635810852, 0.7861111164093018, 0.7481481432914734, 0.7777777910232544, 0.8055555820465088, 0.8305555582046509, 0.8379629850387573, 0.8388888835906982, 0.8388888835906982, 0.8361111283302307, 0.835185170173645, 0.8342592716217041, 0.8370370268821716, 0.8388888835906982, 0.845370352268219, 0.8472222089767456, 0.8509259223937988, 0.8518518805503845, 0.8629629611968994, 0.8657407164573669], "loss": [0.5750913619995117, 0.41385921835899353, 0.395235538482666, 0.3825695216655731, 0.3713558316230774, 0.360963374376297, 0.35256391763687134, 0.34499019384384155, 0.3393922448158264, 0.3344896733760834, 0.3300327658653259, 0.32600903511047363, 0.3223051130771637, 0.3186621069908142, 0.31482526659965515, 0.3104570806026459, 0.3052399158477783, 0.29931801557540894, 0.29076820611953735, 0.2818863093852997], "val_accuracy": [0.8416666388511658, 0.7666666507720947, 0.7666666507720947, 0.7666666507720947, 0.8166666626930237, 0.824999988079071, 0.824999988079071, 0.824999988079071, 0.8333333134651184, 0.8416666388511658, 0.8416666388511658, 0.8500000238418579, 0.8583333492279053, 0.8583333492279053, 0.8666666746139526, 0.8500000238418579, 0.8500000238418579, 0.8333333134651184, 0.8416666388511658, 0.8500000238418579], "val_loss": [0.4339142143726349, 0.4020763337612152, 0.3882986307144165, 0.37811946868896484, 0.37020909786224365, 0.3620855212211609, 0.35665637254714966, 0.3513997197151184, 0.34721311926841736, 0.34347641468048096, 0.34026384353637695, 0.33720219135284424, 0.33443355560302734, 0.3316197693347931, 0.3285149931907654, 0.32559382915496826, 0.32331010699272156, 0.32412102818489075, 0.31629684567451477, 0.30453088879585266], "learning_rate": [0.0010000000474974513, 0.0010000000474974513, 0.0010000000474974513, 0.0010000000474974513, 0.0010000000474974513, 0.0010000000474974513, 0.0010000000474974513, 0.0010000000474974513, 0.0010000000474974513, 0.0010000000474974513, 0.0010000000474974513, 0.0010000000474974513, 0.0010000000474974513, 0.0010000000474974513, 0.0010000000474974513, 0.0010000000474974513, 0.0010000000474974513, 0.0010000000474974513, 0.0010000000474974513, 0.0010000000474974513]}