{"accuracy": [0.7657407522201538, 0.8629629611968994, 0.8703703880310059, 0.9287037253379822, 0.9472222328186035, 0.9324073791503906, 0.9425926208496094, 0.9407407641410828, 0.9407407641410828, 0.9490740895271301, 0.9527778029441833, 0.9564814567565918, 0.9574074149131775, 0.9657407402992249, 0.9759259223937988], "loss": [0.4663499891757965, 0.3208402991294861, 0.29715052247047424, 0.16384850442409515, 0.12286731600761414, 0.14521272480487823, 0.1393774002790451, 0.1424681395292282, 0.1379462629556656, 0.12887945771217346, 0.11884348839521408, 0.10344106703996658, 0.10114367306232452, 0.08528321236371994, 0.07599207758903503], "val_accuracy": [0.7250000238418579, 0.8916666507720947, 0.875, 0.9083333611488342, 0.925000011920929, 0.9083333611488342, 0.8999999761581421, 0.925000011920929, 0.9750000238418579, 0.9750000238418579, 0.9750000238418579, 0.9750000238418579, 0.9583333134651184, 0.9666666388511658, 0.9666666388511658], "val_loss": [0.5505138039588928, 0.2395542412996292, 0.24702133238315582, 0.20129674673080444, 0.17900380492210388, 0.16702900826931, 0.20153623819351196, 0.14564086496829987, 0.10361617058515549, 0.12035395205020905, 0.08777273446321487, 0.10111824423074722, 0.09691344201564789, 0.0685359537601471, 0.06373453140258789]}