{"accuracy": [0.7925925850868225, 0.8527777791023254, 0.8657407164573669, 0.8759258985519409, 0.8490740656852722, 0.904629647731781, 0.9287037253379822, 0.9083333611488342, 0.9425926208496094, 0.9435185194015503, 0.949999988079071, 0.9666666388511658, 0.9648148417472839, 0.9675925970077515, 0.9787036776542664], "loss": [0.4667247533798218, 0.3378472924232483, 0.29334956407546997, 0.26174771785736084, 0.40329062938690186, 0.20837454497814178, 0.17112714052200317, 0.20281526446342468, 0.15563809871673584, 0.12626203894615173, 0.1164938285946846, 0.10207612812519073, 0.0918179601430893, 0.07864482700824738, 0.06625065207481384], "val_accuracy": [0.7583333253860474, 0.824999988079071, 0.8583333492279053, 0.8916666507720947, 0.8583333492279053, 0.8666666746139526, 0.925000011920929, 0.9083333611488342, 0.9083333611488342, 0.9416666626930237, 0.9166666865348816, 0.9333333373069763, 0.9333333373069763, 0.949999988079071, 0.9416666626930237], "val_loss": [0.46861058473587036, 0.35083064436912537, 0.2827247083187103, 0.2590996325016022, 0.25701040029525757, 0.2824965715408325, 0.17279265820980072, 0.23875580728054047, 0.1811140477657318, 0.14381815493106842, 0.15095637738704681, 0.13785655796527863, 0.11496245861053467, 0.1288493126630783, 0.10900925099849701]}