{"accuracy": [0.7481481432914734, 0.75, 0.7777777910232544, 0.7944444417953491, 0.7925925850868225, 0.7962962985038757, 0.7990740537643433, 0.8287037014961243, 0.8222222328186035, 0.8120370507240295, 0.8129629492759705, 0.8231481313705444, 0.8175926208496094, 0.8361111283302307, 0.8398148417472839, 0.8416666388511658, 0.8425925970077515, 0.8518518805503845, 0.8490740656852722, 0.8370370268821716], "loss": [0.4973111152648926, 0.43246641755104065, 0.40388223528862, 0.3758104145526886, 0.3772309422492981, 0.3642277717590332, 0.3669174909591675, 0.3443162441253662, 0.35326358675956726, 0.3537331223487854, 0.345920205116272, 0.33771106600761414, 0.3358219265937805, 0.32654300332069397, 0.3299071192741394, 0.3230649530887604, 0.32952383160591125, 0.3086005449295044, 0.3127442002296448, 0.3304891884326935], "val_accuracy": [0.75, 0.7833333611488342, 0.7833333611488342, 0.7916666865348816, 0.800000011920929, 0.8083333373069763, 0.8166666626930237, 0.8166666626930237, 0.824999988079071, 0.800000011920929, 0.8333333134651184, 0.824999988079071, 0.875, 0.8833333253860474, 0.8333333134651184, 0.8666666746139526, 0.8833333253860474, 0.824999988079071, 0.8833333253860474, 0.8666666746139526], "val_loss": [0.4389634430408478, 0.40074798464775085, 0.3711062967777252, 0.35503026843070984, 0.34792324900627136, 0.33384159207344055, 0.33392754197120667, 0.3246009051799774, 0.32003456354141235, 0.32687023282051086, 0.32365939021110535, 0.3147173821926117, 0.3013169467449188, 0.30636319518089294, 0.30738797783851624, 0.29522445797920227, 0.29372742772102356, 0.34597840905189514, 0.28083401918411255, 0.29756268858909607], "learning_rate": [0.0010000000474974513, 0.0010000000474974513, 0.0010000000474974513, 0.0010000000474974513, 0.0010000000474974513, 0.0010000000474974513, 0.0010000000474974513, 0.0010000000474974513, 0.0010000000474974513, 0.0010000000474974513, 0.0010000000474974513, 0.0010000000474974513, 0.0010000000474974513, 0.0010000000474974513, 0.0010000000474974513, 0.0010000000474974513, 0.0010000000474974513, 0.0010000000474974513, 0.0010000000474974513, 0.0010000000474974513]}