{"accuracy": [0.7481481432914734, 0.8287037014961243, 0.8592592477798462, 0.8657407164573669, 0.8657407164573669, 0.8564814925193787, 0.885185182094574, 0.8731481432914734, 0.9027777910232544, 0.9212962985038757, 0.9287037253379822, 0.9509259462356567, 0.9583333134651184, 0.9509259462356567, 0.960185170173645, 0.9740740656852722, 0.980555534362793, 0.9851852059364319, 0.9768518805503845, 0.9851852059364319], "loss": [0.5115743279457092, 0.3831436038017273, 0.31881701946258545, 0.284385085105896, 0.266800194978714, 0.2558889091014862, 0.24946071207523346, 0.2345758080482483, 0.21086890995502472, 0.16330920159816742, 0.15484072268009186, 0.11927519738674164, 0.11581236869096756, 0.12425660341978073, 0.09919404238462448, 0.07537767291069031, 0.05719080567359924, 0.049339137971401215, 0.058504004031419754, 0.04632383957505226], "val_accuracy": [0.800000011920929, 0.875, 0.8999999761581421, 0.9083333611488342, 0.8916666507720947, 0.9083333611488342, 0.8583333492279053, 0.9416666626930237, 0.9416666626930237, 0.9583333134651184, 0.9333333373069763, 0.949999988079071, 0.9666666388511658, 0.9583333134651184, 0.9583333134651184, 0.9666666388511658, 0.9666666388511658, 0.949999988079071, 0.9583333134651184, 0.9750000238418579], "val_loss": [0.4281212389469147, 0.3034154772758484, 0.25355926156044006, 0.23515203595161438, 0.23364095389842987, 0.21713925898075104, 0.23981919884681702, 0.1567777693271637, 0.13244310021400452, 0.10975955426692963, 0.1081715002655983, 0.10123424977064133, 0.07734411209821701, 0.09440802037715912, 0.08776742964982986, 0.08436796069145203, 0.07807865738868713, 0.07834751158952713, 0.08936141431331635, 0.08118416368961334], "learning_rate": [0.0010000000474974513, 0.0010000000474974513, 0.0010000000474974513, 0.0010000000474974513, 0.0010000000474974513, 0.0010000000474974513, 0.0010000000474974513, 0.0010000000474974513, 0.0010000000474974513, 0.0010000000474974513, 0.0010000000474974513, 0.0010000000474974513, 0.0010000000474974513, 0.0010000000474974513, 0.0010000000474974513, 0.0010000000474974513, 0.0005000000237487257, 0.0005000000237487257, 0.0005000000237487257, 0.0002500000118743628]}