{"accuracy": [0.7685185074806213, 0.8407407402992249, 0.8712962865829468, 0.9212962985038757, 0.9277777671813965, 0.9462962746620178, 0.9564814567565918, 0.9620370268821716, 0.9574074149131775, 0.9675925970077515, 0.9657407402992249, 0.9555555582046509, 0.9555555582046509, 0.970370352268219, 0.9842592477798462], "loss": [0.4473270773887634, 0.34476664662361145, 0.2762541174888611, 0.18022626638412476, 0.15737557411193848, 0.1488950401544571, 0.10884391516447067, 0.09691286087036133, 0.10145147144794464, 0.08169133216142654, 0.07677076011896133, 0.10982707887887955, 0.10379322618246078, 0.08325382322072983, 0.046254925429821014], "val_accuracy": [0.7916666865348816, 0.7833333611488342, 0.8833333253860474, 0.925000011920929, 0.9750000238418579, 0.925000011920929, 0.9583333134651184, 0.949999988079071, 0.9416666626930237, 0.949999988079071, 0.9666666388511658, 0.9416666626930237, 0.9583333134651184, 0.9750000238418579, 0.9666666388511658], "val_loss": [0.42865481972694397, 0.40440481901168823, 0.23501093685626984, 0.15660090744495392, 0.07891768962144852, 0.13906539976596832, 0.08517656475305557, 0.10395925492048264, 0.09604563564062119, 0.0933103859424591, 0.07685346901416779, 0.12870380282402039, 0.11194529384374619, 0.0744812935590744, 0.08136490732431412]}