{"accuracy": [0.6962962746620178, 0.7546296119689941, 0.7509258985519409, 0.7675926089286804, 0.7833333611488342, 0.7768518328666687, 0.7870370149612427, 0.8018518686294556, 0.8027777671813965, 0.8194444179534912, 0.8212962746620178, 0.8185185194015503, 0.8111110925674438, 0.8314814567565918, 0.8268518447875977, 0.8305555582046509, 0.8277778029441833, 0.8259259462356567, 0.8388888835906982, 0.8342592716217041], "loss": [0.5280231237411499, 0.4442421793937683, 0.4206068217754364, 0.4060578942298889, 0.39838841557502747, 0.377527117729187, 0.37957990169525146, 0.3695265054702759, 0.3610045611858368, 0.3496616780757904, 0.35310906171798706, 0.3450568616390228, 0.34018898010253906, 0.33855748176574707, 0.3337426781654358, 0.3275125324726105, 0.333241730928421, 0.3310588300228119, 0.32676616311073303, 0.32816699147224426], "val_accuracy": [0.7583333253860474, 0.7749999761581421, 0.7833333611488342, 0.7749999761581421, 0.7749999761581421, 0.7833333611488342, 0.7749999761581421, 0.7833333611488342, 0.7749999761581421, 0.7749999761581421, 0.7749999761581421, 0.7916666865348816, 0.800000011920929, 0.800000011920929, 0.7833333611488342, 0.7833333611488342, 0.800000011920929, 0.8166666626930237, 0.8083333373069763, 0.800000011920929], "val_loss": [0.46157604455947876, 0.40670573711395264, 0.38087576627731323, 0.3639422655105591, 0.35690099000930786, 0.35196077823638916, 0.3498392403125763, 0.34441712498664856, 0.34150707721710205, 0.34217700362205505, 0.3367738127708435, 0.33207181096076965, 0.33214983344078064, 0.32740500569343567, 0.3290794789791107, 0.3301219344139099, 0.3248935043811798, 0.3192286193370819, 0.31396421790122986, 0.31929317116737366], "learning_rate": [0.0010000000474974513, 0.0010000000474974513, 0.0010000000474974513, 0.0010000000474974513, 0.0010000000474974513, 0.0010000000474974513, 0.0010000000474974513, 0.0010000000474974513, 0.0010000000474974513, 0.0010000000474974513, 0.0010000000474974513, 0.0010000000474974513, 0.0010000000474974513, 0.0010000000474974513, 0.0010000000474974513, 0.0010000000474974513, 0.0010000000474974513, 0.0010000000474974513, 0.0010000000474974513, 0.0010000000474974513]}