{"accuracy": [0.7740740776062012, 0.8268518447875977, 0.8712962865829468, 0.8481481671333313, 0.9166666865348816, 0.9287037253379822, 0.9324073791503906, 0.9416666626930237, 0.9388889074325562, 0.9453703761100769, 0.9481481313705444, 0.9583333134651184, 0.9694444537162781, 0.9583333134651184, 0.9407407641410828], "loss": [0.44809773564338684, 0.36651888489723206, 0.27433910965919495, 0.3273991346359253, 0.19012081623077393, 0.14675360918045044, 0.1440335214138031, 0.12433519959449768, 0.1332833468914032, 0.11385923624038696, 0.1042034775018692, 0.08648711442947388, 0.08239560574293137, 0.09003052860498428, 0.12756164371967316], "val_accuracy": [0.6916666626930237, 0.824999988079071, 0.8083333373069763, 0.8666666746139526, 0.9416666626930237, 0.9166666865348816, 0.949999988079071, 0.9333333373069763, 0.9416666626930237, 0.9583333134651184, 0.949999988079071, 0.9583333134651184, 0.9666666388511658, 0.9583333134651184, 0.9666666388511658], "val_loss": [0.5089421272277832, 0.35973280668258667, 0.36435210704803467, 0.2708888351917267, 0.16829989850521088, 0.17249296605587006, 0.11913172900676727, 0.12406417727470398, 0.1002223938703537, 0.10097452253103256, 0.09677326679229736, 0.08304516971111298, 0.06425798684358597, 0.10953075438737869, 0.1071360856294632]}