{"accuracy": [0.7861111164093018, 0.8564814925193787, 0.8925926089286804, 0.9314814805984497, 0.9351851940155029, 0.9472222328186035, 0.9379629492759705, 0.9481481313705444, 0.9379629492759705, 0.9648148417472839, 0.9527778029441833, 0.9546296000480652, 0.9750000238418579, 0.9833333492279053, 0.9750000238418579], "loss": [0.43422582745552063, 0.30708402395248413, 0.2543887197971344, 0.18988491594791412, 0.1527465134859085, 0.13013404607772827, 0.14589431881904602, 0.10880693793296814, 0.14283540844917297, 0.0934692844748497, 0.09688834100961685, 0.0944853276014328, 0.060411594808101654, 0.0615188404917717, 0.058706797659397125], "val_accuracy": [0.7583333253860474, 0.8666666746139526, 0.8833333253860474, 0.8500000238418579, 0.949999988079071, 0.9583333134651184, 0.9416666626930237, 0.9666666388511658, 0.925000011920929, 0.949999988079071, 0.9333333373069763, 0.9583333134651184, 0.9833333492279053, 0.9833333492279053, 0.9916666746139526], "val_loss": [0.43438005447387695, 0.3430330157279968, 0.2067715972661972, 0.25458571314811707, 0.12399522215127945, 0.15147815644741058, 0.14949876070022583, 0.07474597543478012, 0.12953898310661316, 0.11588377505540848, 0.14825691282749176, 0.0733131468296051, 0.04854731634259224, 0.03897038474678993, 0.05566321313381195]}