{"accuracy": [0.7944444417953491, 0.8388888835906982, 0.9129629731178284, 0.9194444417953491, 0.8962963223457336, 0.9314814805984497, 0.8620370626449585, 0.9027777910232544, 0.9231481552124023, 0.9296296238899231, 0.9361110925674438, 0.9416666626930237, 0.9638888835906982, 0.9425926208496094, 0.9425926208496094], "loss": [0.427388995885849, 0.33822646737098694, 0.19659793376922607, 0.17759521305561066, 0.24113255739212036, 0.1766285002231598, 0.29330775141716003, 0.2323596030473709, 0.15866512060165405, 0.15730240941047668, 0.14200444519519806, 0.12430892884731293, 0.09494875371456146, 0.14313454926013947, 0.1252061426639557], "val_accuracy": [0.5666666626930237, 0.6416666507720947, 0.7749999761581421, 0.8833333253860474, 0.8833333253860474, 0.8916666507720947, 0.8916666507720947, 0.8999999761581421, 0.9083333611488342, 0.9416666626930237, 0.8583333492279053, 0.925000011920929, 0.9333333373069763, 0.9166666865348816, 0.9166666865348816], "val_loss": [0.7148887515068054, 0.8430890440940857, 0.6981081366539001, 0.22667904198169708, 0.2319427877664566, 0.2839166224002838, 0.2786726951599121, 0.21026109158992767, 0.1679915338754654, 0.13541068136692047, 0.2500026524066925, 0.15505310893058777, 0.11433999985456467, 0.16648362576961517, 0.16270790994167328]}