{"accuracy": [0.7731481194496155, 0.8305555582046509, 0.8509259223937988, 0.8805555701255798, 0.8888888955116272, 0.9268518686294556, 0.9342592358589172, 0.9407407641410828, 0.9425926208496094, 0.9305555820465088, 0.9481481313705444, 0.9481481313705444, 0.9453703761100769, 0.9527778029441833, 0.9657407402992249], "loss": [0.459579735994339, 0.36641547083854675, 0.3219914138317108, 0.27026352286338806, 0.22251060605049133, 0.1596945822238922, 0.14819324016571045, 0.12960213422775269, 0.12730656564235687, 0.15754958987236023, 0.1210596039891243, 0.10767381638288498, 0.11892534792423248, 0.10440675169229507, 0.07639990746974945], "val_accuracy": [0.7666666507720947, 0.7749999761581421, 0.800000011920929, 0.8916666507720947, 0.9333333373069763, 0.9333333373069763, 0.9583333134651184, 0.9666666388511658, 0.9333333373069763, 0.9916666746139526, 0.9666666388511658, 0.9916666746139526, 0.9750000238418579, 0.9833333492279053, 0.9916666746139526], "val_loss": [0.44015368819236755, 0.39366328716278076, 0.3531925082206726, 0.23201140761375427, 0.15683384239673615, 0.12361809611320496, 0.10532922297716141, 0.08916372805833817, 0.13936886191368103, 0.09704162180423737, 0.07152701169252396, 0.08515278995037079, 0.06562448292970657, 0.055877964943647385, 0.04940613731741905]}