{"accuracy": [0.7648147940635681, 0.8240740895271301, 0.8324074149131775, 0.8592592477798462, 0.904629647731781, 0.9203703999519348, 0.9259259104728699, 0.9379629492759705, 0.9462962746620178, 0.9546296000480652, 0.9490740895271301, 0.9518518447875977, 0.9648148417472839, 0.9407407641410828, 0.9527778029441833, 0.9648148417472839, 0.9694444537162781, 0.9712963104248047, 0.9620370268821716, 0.9685184955596924], "loss": [0.4772234261035919, 0.3800882399082184, 0.34554654359817505, 0.29706871509552, 0.22545306384563446, 0.19648292660713196, 0.1816517412662506, 0.15173989534378052, 0.121497243642807, 0.13064590096473694, 0.11638442426919937, 0.12844789028167725, 0.10005148500204086, 0.12394807487726212, 0.11699305474758148, 0.08306623250246048, 0.07725626975297928, 0.07253527641296387, 0.1112174466252327, 0.07712096720933914], "val_accuracy": [0.7666666507720947, 0.8083333373069763, 0.8500000238418579, 0.8999999761581421, 0.925000011920929, 0.9833333492279053, 0.9666666388511658, 0.9583333134651184, 0.9750000238418579, 0.9666666388511658, 0.9833333492279053, 0.9583333134651184, 0.949999988079071, 0.9583333134651184, 0.9750000238418579, 0.9750000238418579, 0.9750000238418579, 0.9833333492279053, 0.9750000238418579, 0.9833333492279053], "val_loss": [0.453330934047699, 0.3850816786289215, 0.3205846846103668, 0.265935480594635, 0.1619497388601303, 0.12494787573814392, 0.13883820176124573, 0.1023859828710556, 0.09595589339733124, 0.10210768133401871, 0.07417438179254532, 0.08671573549509048, 0.10223423689603806, 0.10419856756925583, 0.07309424132108688, 0.06186823919415474, 0.06066130846738815, 0.05396405979990959, 0.0605340339243412, 0.05702946335077286], "learning_rate": [0.0010000000474974513, 0.0010000000474974513, 0.0010000000474974513, 0.0010000000474974513, 0.0010000000474974513, 0.0010000000474974513, 0.0010000000474974513, 0.0010000000474974513, 0.0010000000474974513, 0.0010000000474974513, 0.0010000000474974513, 0.0010000000474974513, 0.0010000000474974513, 0.0010000000474974513, 0.0005000000237487257, 0.0005000000237487257, 0.0005000000237487257, 0.0005000000237487257, 0.0005000000237487257, 0.0005000000237487257]}