{"accuracy": [0.49351853132247925, 0.6962962746620178, 0.7453703880310059, 0.7453703880310059, 0.7435185313224792, 0.7509258985519409, 0.7787036895751953, 0.7907407283782959, 0.7944444417953491, 0.7990740537643433, 0.8064814805984497, 0.8175926208496094, 0.8074073791503906, 0.8074073791503906, 0.8157407641410828, 0.8175926208496094, 0.8185185194015503, 0.8277778029441833, 0.8407407402992249, 0.8472222089767456], "loss": [0.5845945477485657, 0.5283161997795105, 0.49404823780059814, 0.47217243909835815, 0.4507438838481903, 0.4332873225212097, 0.41888222098350525, 0.405333936214447, 0.3947139084339142, 0.3857641816139221, 0.37898802757263184, 0.3716348111629486, 0.366882860660553, 0.3605024516582489, 0.35452571511268616, 0.3488680422306061, 0.34241801500320435, 0.335287868976593, 0.32392042875289917, 0.3118554949760437], "val_accuracy": [0.6583333611488342, 0.7916666865348816, 0.7916666865348816, 0.7916666865348816, 0.7916666865348816, 0.7916666865348816, 0.7583333253860474, 0.7666666507720947, 0.7666666507720947, 0.7666666507720947, 0.7666666507720947, 0.7666666507720947, 0.7666666507720947, 0.7666666507720947, 0.7749999761581421, 0.7916666865348816, 0.7916666865348816, 0.7833333611488342, 0.800000011920929, 0.8500000238418579], "val_loss": [0.5029162764549255, 0.4631543457508087, 0.43682095408439636, 0.4218016266822815, 0.4094322621822357, 0.3999004364013672, 0.39170822501182556, 0.38443976640701294, 0.3787604570388794, 0.3736218810081482, 0.37206152081489563, 0.3690485656261444, 0.36564916372299194, 0.3625313639640808, 0.3589629828929901, 0.35449686646461487, 0.3481205701828003, 0.34252721071243286, 0.3426074981689453, 0.32545334100723267], "learning_rate": [0.0010000000474974513, 0.0010000000474974513, 0.0010000000474974513, 0.0010000000474974513, 0.0010000000474974513, 0.0010000000474974513, 0.0010000000474974513, 0.0010000000474974513, 0.0010000000474974513, 0.0010000000474974513, 0.0010000000474974513, 0.0010000000474974513, 0.0010000000474974513, 0.0010000000474974513, 0.0010000000474974513, 0.0010000000474974513, 0.0010000000474974513, 0.0010000000474974513, 0.0010000000474974513, 0.0010000000474974513]}