{"accuracy": [0.7870370149612427, 0.824999988079071, 0.8518518805503845, 0.8574073910713196, 0.885185182094574, 0.9203703999519348, 0.9101851582527161, 0.9398148059844971, 0.9361110925674438, 0.9518518447875977, 0.9444444179534912, 0.9537037014961243, 0.960185170173645, 0.9518518447875977, 0.9620370268821716], "loss": [0.4163905680179596, 0.35647445917129517, 0.34333083033561707, 0.3242810368537903, 0.2525666356086731, 0.16627134382724762, 0.21871085464954376, 0.14673109352588654, 0.14689353108406067, 0.1294812113046646, 0.1346341371536255, 0.11268642544746399, 0.11135642230510712, 0.11454574763774872, 0.09574723988771439], "val_accuracy": [0.574999988079071, 0.7916666865348816, 0.7083333134651184, 0.8500000238418579, 0.8583333492279053, 0.8500000238418579, 0.9416666626930237, 0.925000011920929, 0.9583333134651184, 0.9416666626930237, 0.9583333134651184, 0.949999988079071, 0.949999988079071, 0.9583333134651184, 0.949999988079071], "val_loss": [1.1143264770507812, 0.3968019187450409, 0.48474571108818054, 0.33928096294403076, 0.24709706008434296, 0.2609690725803375, 0.16602544486522675, 0.14984670281410217, 0.13468532264232635, 0.14803823828697205, 0.12753775715827942, 0.12583087384700775, 0.11764968186616898, 0.12177195399999619, 0.08991704136133194]}