{"accuracy": [0.789814829826355, 0.8620370626449585, 0.8740741014480591, 0.8962963223457336, 0.9425926208496094, 0.9564814567565918, 0.9453703761100769, 0.9268518686294556, 0.9629629850387573, 0.9583333134651184, 0.9481481313705444, 0.9629629850387573, 0.9574074149131775, 0.9777777791023254, 0.9722222089767456], "loss": [0.43344172835350037, 0.3166053891181946, 0.2663284242153168, 0.2024824619293213, 0.1230325922369957, 0.11184792965650558, 0.11497440934181213, 0.1316719651222229, 0.10738641768693924, 0.09075043350458145, 0.11138661950826645, 0.07631839066743851, 0.09659777581691742, 0.061410870403051376, 0.06634794175624847], "val_accuracy": [0.6666666865348816, 0.824999988079071, 0.8583333492279053, 0.9666666388511658, 0.9583333134651184, 0.949999988079071, 0.8833333253860474, 0.9666666388511658, 0.9583333134651184, 0.925000011920929, 0.9666666388511658, 0.9666666388511658, 0.9666666388511658, 0.9750000238418579, 0.9666666388511658], "val_loss": [0.6007229685783386, 0.3606794476509094, 0.2565886974334717, 0.1878463476896286, 0.11472588032484055, 0.11320263892412186, 0.1708560585975647, 0.12189333140850067, 0.0888049453496933, 0.15166832506656647, 0.06926407665014267, 0.0711093619465828, 0.0787048488855362, 0.06214595213532448, 0.07762856781482697]}