{"accuracy": [0.7925925850868225, 0.8472222089767456, 0.8768518567085266, 0.8416666388511658, 0.9092592597007751, 0.9268518686294556, 0.9388889074325562, 0.9379629492759705, 0.9435185194015503, 0.9435185194015503, 0.949999988079071, 0.9388889074325562, 0.949999988079071, 0.9527778029441833, 0.9527778029441833], "loss": [0.43617063760757446, 0.36355525255203247, 0.2921885550022125, 0.33293387293815613, 0.2416539490222931, 0.17332960665225983, 0.15771134197711945, 0.15907299518585205, 0.14712919294834137, 0.14041155576705933, 0.1350102424621582, 0.1366790235042572, 0.13153915107250214, 0.10888766497373581, 0.09786324948072433], "val_accuracy": [0.7749999761581421, 0.8666666746139526, 0.8916666507720947, 0.9166666865348816, 0.9416666626930237, 0.9833333492279053, 0.9750000238418579, 0.9666666388511658, 0.9666666388511658, 0.9666666388511658, 0.9833333492279053, 0.9416666626930237, 0.9833333492279053, 0.9750000238418579, 0.9333333373069763], "val_loss": [0.5118553638458252, 0.32837745547294617, 0.24399754405021667, 0.2777143120765686, 0.18312783539295197, 0.11993333697319031, 0.12901385128498077, 0.1197502389550209, 0.10272174328565598, 0.12327922135591507, 0.09199784696102142, 0.12128264456987381, 0.11616457253694534, 0.07985392212867737, 0.13970042765140533]}