{"accuracy": [0.7564814686775208, 0.7768518328666687, 0.7842592597007751, 0.7944444417953491, 0.7953703999519348, 0.8222222328186035, 0.8120370507240295, 0.8120370507240295, 0.8185185194015503, 0.8166666626930237, 0.8222222328186035, 0.8296296000480652, 0.8379629850387573, 0.8342592716217041, 0.8324074149131775, 0.824999988079071, 0.8398148417472839, 0.8314814567565918, 0.8407407402992249, 0.8398148417472839], "loss": [0.5015078783035278, 0.42390361428260803, 0.40123534202575684, 0.38635122776031494, 0.38052451610565186, 0.36252203583717346, 0.35805729031562805, 0.35177043080329895, 0.34723523259162903, 0.340317040681839, 0.3474162817001343, 0.3393850326538086, 0.3266386389732361, 0.32480788230895996, 0.32909637689590454, 0.3413151800632477, 0.31919413805007935, 0.32928332686424255, 0.3102259039878845, 0.3126331567764282], "val_accuracy": [0.800000011920929, 0.7916666865348816, 0.7916666865348816, 0.8083333373069763, 0.8083333373069763, 0.8083333373069763, 0.8083333373069763, 0.8083333373069763, 0.8083333373069763, 0.8166666626930237, 0.8083333373069763, 0.8166666626930237, 0.8083333373069763, 0.8416666388511658, 0.8416666388511658, 0.8083333373069763, 0.824999988079071, 0.8166666626930237, 0.8500000238418579, 0.824999988079071], "val_loss": [0.463636577129364, 0.41465699672698975, 0.38706550002098083, 0.3760943114757538, 0.3679218292236328, 0.362289696931839, 0.36165472865104675, 0.3559533357620239, 0.36648985743522644, 0.3734818994998932, 0.3614896833896637, 0.3401643931865692, 0.3437551259994507, 0.3347848355770111, 0.32892370223999023, 0.33262208104133606, 0.3621710240840912, 0.35971471667289734, 0.3196905255317688, 0.31934690475463867], "learning_rate": [0.0010000000474974513, 0.0010000000474974513, 0.0010000000474974513, 0.0010000000474974513, 0.0010000000474974513, 0.0010000000474974513, 0.0010000000474974513, 0.0010000000474974513, 0.0010000000474974513, 0.0010000000474974513, 0.0010000000474974513, 0.0005000000237487257, 0.0005000000237487257, 0.0005000000237487257, 0.0005000000237487257, 0.0005000000237487257, 0.0005000000237487257, 0.0005000000237487257, 0.0002500000118743628, 0.0002500000118743628]}