{"accuracy": [0.7907407283782959, 0.8240740895271301, 0.8416666388511658, 0.8657407164573669, 0.9129629731178284, 0.9388889074325562, 0.9351851940155029, 0.9435185194015503, 0.9462962746620178, 0.949999988079071, 0.9592592716217041, 0.9518518447875977, 0.960185170173645, 0.9638888835906982, 0.9611111283302307], "loss": [0.4315679371356964, 0.37157630920410156, 0.3378686010837555, 0.2645464241504669, 0.18397407233715057, 0.14361746609210968, 0.13390254974365234, 0.1344180405139923, 0.12849180400371552, 0.12402619421482086, 0.10416676849126816, 0.1243097260594368, 0.1010829284787178, 0.09652452170848846, 0.09814053028821945], "val_accuracy": [0.8083333373069763, 0.7916666865348816, 0.8166666626930237, 0.8833333253860474, 0.9083333611488342, 0.925000011920929, 0.8916666507720947, 0.9083333611488342, 0.925000011920929, 0.9166666865348816, 0.8999999761581421, 0.9166666865348816, 0.9333333373069763, 0.9166666865348816, 0.9083333611488342], "val_loss": [0.4498613774776459, 0.37039217352867126, 0.31206512451171875, 0.25219041109085083, 0.22719775140285492, 0.1785164475440979, 0.2005605250597, 0.17936989665031433, 0.1824602633714676, 0.19041210412979126, 0.18526363372802734, 0.17028029263019562, 0.1779748648405075, 0.15330058336257935, 0.17978590726852417]}