{"accuracy": [0.7157407402992249, 0.7481481432914734, 0.7481481432914734, 0.75, 0.7731481194496155, 0.7842592597007751, 0.7925925850868225, 0.8074073791503906, 0.7962962985038757, 0.7972221970558167, 0.8027777671813965, 0.8037037253379822, 0.8092592358589172, 0.8129629492759705, 0.8194444179534912, 0.8175926208496094, 0.8305555582046509, 0.845370352268219, 0.8601852059364319, 0.8833333253860474], "loss": [0.5194125771522522, 0.45627567172050476, 0.43254536390304565, 0.4152373671531677, 0.4001316726207733, 0.3882138729095459, 0.3774038851261139, 0.3715049922466278, 0.36606982350349426, 0.36001941561698914, 0.35690826177597046, 0.35331857204437256, 0.34857919812202454, 0.3436766564846039, 0.3373219966888428, 0.32804474234580994, 0.3176521062850952, 0.30532729625701904, 0.2893986999988556, 0.2671930193901062], "val_accuracy": [0.7666666507720947, 0.7666666507720947, 0.7583333253860474, 0.7916666865348816, 0.7833333611488342, 0.7916666865348816, 0.8083333373069763, 0.8083333373069763, 0.800000011920929, 0.8083333373069763, 0.800000011920929, 0.8083333373069763, 0.8083333373069763, 0.8083333373069763, 0.7916666865348816, 0.824999988079071, 0.8333333134651184, 0.8666666746139526, 0.9083333611488342, 0.9416666626930237], "val_loss": [0.4594916105270386, 0.4273589551448822, 0.4077931046485901, 0.39083126187324524, 0.37862661480903625, 0.36757609248161316, 0.35702624917030334, 0.3541419804096222, 0.3480183184146881, 0.34350475668907166, 0.3382202088832855, 0.3352506756782532, 0.33134692907333374, 0.32736077904701233, 0.32147642970085144, 0.3104916214942932, 0.29204362630844116, 0.2700403332710266, 0.24629449844360352, 0.2200438529253006], "learning_rate": [0.0010000000474974513, 0.0010000000474974513, 0.0010000000474974513, 0.0010000000474974513, 0.0010000000474974513, 0.0010000000474974513, 0.0010000000474974513, 0.0010000000474974513, 0.0010000000474974513, 0.0010000000474974513, 0.0010000000474974513, 0.0010000000474974513, 0.0010000000474974513, 0.0010000000474974513, 0.0010000000474974513, 0.0010000000474974513, 0.0010000000474974513, 0.0010000000474974513, 0.0010000000474974513, 0.0010000000474974513]}