{"accuracy": [0.7768518328666687, 0.8268518447875977, 0.8166666626930237, 0.8361111283302307, 0.9018518328666687, 0.9240740537643433, 0.9314814805984497, 0.9518518447875977, 0.9546296000480652, 0.9537037014961243, 0.9583333134651184, 0.9537037014961243, 0.9370370507240295, 0.9648148417472839, 0.9509259462356567], "loss": [0.47396203875541687, 0.36835286021232605, 0.34728676080703735, 0.3364458382129669, 0.2260652482509613, 0.18615177273750305, 0.15407758951187134, 0.1251903921365738, 0.11233459413051605, 0.1353873610496521, 0.11446624994277954, 0.12741388380527496, 0.14395008981227875, 0.089341901242733, 0.11695492267608643], "val_accuracy": [0.8833333253860474, 0.8083333373069763, 0.7833333611488342, 0.8666666746139526, 0.9166666865348816, 0.8916666507720947, 0.9166666865348816, 0.9416666626930237, 0.9416666626930237, 0.9416666626930237, 0.9416666626930237, 0.9333333373069763, 0.9333333373069763, 0.9333333373069763, 0.949999988079071], "val_loss": [0.35899659991264343, 0.40288522839546204, 0.34393104910850525, 0.2875047028064728, 0.19500389695167542, 0.18724031746387482, 0.18530645966529846, 0.1566297560930252, 0.13961316645145416, 0.1521265059709549, 0.14236384630203247, 0.14795871078968048, 0.13133125007152557, 0.14405542612075806, 0.13146647810935974]}