{"accuracy": [0.7583333253860474, 0.7833333611488342, 0.8009259104728699, 0.8018518686294556, 0.8212962746620178, 0.8212962746620178, 0.8314814567565918, 0.8342592716217041, 0.8333333134651184, 0.8388888835906982, 0.835185170173645, 0.8379629850387573, 0.8342592716217041, 0.8472222089767456, 0.8425925970077515, 0.8490740656852722, 0.8472222089767456, 0.8407407402992249, 0.8416666388511658, 0.855555534362793], "loss": [0.46322739124298096, 0.38888031244277954, 0.37714794278144836, 0.3678353428840637, 0.3472876250743866, 0.3490355908870697, 0.34058114886283875, 0.33786123991012573, 0.3331400454044342, 0.3307957947254181, 0.32910293340682983, 0.32632485032081604, 0.33053722977638245, 0.3115037977695465, 0.31738048791885376, 0.3175342082977295, 0.30786705017089844, 0.31549379229545593, 0.31234967708587646, 0.3071255683898926], "val_accuracy": [0.7833333611488342, 0.8083333373069763, 0.8166666626930237, 0.8166666626930237, 0.8166666626930237, 0.800000011920929, 0.800000011920929, 0.800000011920929, 0.824999988079071, 0.824999988079071, 0.824999988079071, 0.8166666626930237, 0.8166666626930237, 0.8333333134651184, 0.8416666388511658, 0.8500000238418579, 0.8500000238418579, 0.8500000238418579, 0.8416666388511658, 0.8583333492279053], "val_loss": [0.4397392272949219, 0.4034137725830078, 0.3858080506324768, 0.382548451423645, 0.3739829361438751, 0.36510512232780457, 0.36007753014564514, 0.357376366853714, 0.3492383360862732, 0.35766318440437317, 0.3523407280445099, 0.34653422236442566, 0.3449414074420929, 0.34775036573410034, 0.344189316034317, 0.3428833782672882, 0.34046629071235657, 0.34200674295425415, 0.34451714158058167, 0.34129756689071655], "learning_rate": [0.0010000000474974513, 0.0010000000474974513, 0.0010000000474974513, 0.0010000000474974513, 0.0010000000474974513, 0.0010000000474974513, 0.0010000000474974513, 0.0010000000474974513, 0.0010000000474974513, 0.0010000000474974513, 0.0010000000474974513, 0.0010000000474974513, 0.0010000000474974513, 0.0010000000474974513, 0.0010000000474974513, 0.0010000000474974513, 0.0010000000474974513, 0.0010000000474974513, 0.0010000000474974513, 0.0010000000474974513]}