{"accuracy": [0.644444465637207, 0.7250000238418579, 0.7435185313224792, 0.7490741014480591, 0.75, 0.7481481432914734, 0.75, 0.7574074268341064, 0.779629647731781, 0.7944444417953491, 0.8064814805984497, 0.8074073791503906, 0.8222222328186035, 0.8425925970077515, 0.8907407522201538, 0.9416666626930237, 0.9564814567565918, 0.9564814567565918, 0.9666666388511658, 0.9731481671333313], "loss": [0.5546597242355347, 0.5168126821517944, 0.49743133783340454, 0.48080873489379883, 0.4644136428833008, 0.44990527629852295, 0.43523386120796204, 0.4203537702560425, 0.40582066774368286, 0.3926263451576233, 0.380275696516037, 0.36528152227401733, 0.34562546014785767, 0.32123255729675293, 0.2763536870479584, 0.20861004292964935, 0.15729552507400513, 0.1431046575307846, 0.11359306424856186, 0.0902959555387497], "val_accuracy": [0.675000011920929, 0.7250000238418579, 0.7333333492279053, 0.7416666746139526, 0.75, 0.75, 0.75, 0.75, 0.7583333253860474, 0.7916666865348816, 0.824999988079071, 0.8083333373069763, 0.8166666626930237, 0.8666666746139526, 0.9083333611488342, 0.949999988079071, 0.949999988079071, 0.9166666865348816, 0.949999988079071, 0.9666666388511658], "val_loss": [0.5489106774330139, 0.5204079747200012, 0.5011721849441528, 0.48360395431518555, 0.4674025774002075, 0.4515926241874695, 0.4365207552909851, 0.4198407530784607, 0.40505877137184143, 0.39245039224624634, 0.37725841999053955, 0.35986587405204773, 0.3398199677467346, 0.30692148208618164, 0.26426151394844055, 0.19092930853366852, 0.17540590465068817, 0.20732124149799347, 0.12758074700832367, 0.11233411729335785], "learning_rate": [0.0010000000474974513, 0.0010000000474974513, 0.0010000000474974513, 0.0010000000474974513, 0.0010000000474974513, 0.0010000000474974513, 0.0010000000474974513, 0.0010000000474974513, 0.0010000000474974513, 0.0010000000474974513, 0.0010000000474974513, 0.0010000000474974513, 0.0010000000474974513, 0.0010000000474974513, 0.0010000000474974513, 0.0010000000474974513, 0.0010000000474974513, 0.0010000000474974513, 0.0010000000474974513, 0.0010000000474974513]}