{"accuracy": [0.7861111164093018, 0.8379629850387573, 0.8888888955116272, 0.9037036895751953, 0.9064815044403076, 0.9379629492759705, 0.9370370507240295, 0.9444444179534912, 0.9425926208496094, 0.9592592716217041, 0.9638888835906982, 0.9722222089767456, 0.9675925970077515, 0.9777777791023254, 0.9824073910713196], "loss": [0.43147894740104675, 0.3690751791000366, 0.26388099789619446, 0.21841107308864594, 0.18761886656284332, 0.1432495266199112, 0.14121730625629425, 0.13260583579540253, 0.12373626232147217, 0.09486804902553558, 0.0831172913312912, 0.07414044439792633, 0.07088485360145569, 0.06252667307853699, 0.04938634857535362], "val_accuracy": [0.8666666746139526, 0.8333333134651184, 0.8833333253860474, 0.8166666626930237, 0.9583333134651184, 0.9666666388511658, 0.949999988079071, 0.9750000238418579, 0.9833333492279053, 0.9916666746139526, 0.9666666388511658, 0.9916666746139526, 1.0, 0.9916666746139526, 0.9916666746139526], "val_loss": [0.3261213004589081, 0.324470579624176, 0.2357161045074463, 0.3756246864795685, 0.13456162810325623, 0.11701569706201553, 0.10164879262447357, 0.07353433221578598, 0.08715932071208954, 0.04973677918314934, 0.09690539538860321, 0.02858772501349449, 0.02719072625041008, 0.02716776169836521, 0.036365244537591934]}