{"accuracy": [0.7907407283782959, 0.8231481313705444, 0.854629635810852, 0.8638888597488403, 0.8861111402511597, 0.9018518328666687, 0.895370364189148, 0.9027777910232544, 0.9064815044403076, 0.9157407283782959, 0.9240740537643433, 0.9268518686294556, 0.9305555820465088, 0.9351851940155029, 0.9425926208496094], "loss": [0.44056254625320435, 0.406852662563324, 0.32302436232566833, 0.2813613712787628, 0.2601236402988434, 0.22338634729385376, 0.22727076709270477, 0.2038687765598297, 0.2121855914592743, 0.17663514614105225, 0.15697188675403595, 0.15411221981048584, 0.14519858360290527, 0.13260972499847412, 0.12111997604370117], "val_accuracy": [0.7166666388511658, 0.8083333373069763, 0.8666666746139526, 0.875, 0.8833333253860474, 0.9083333611488342, 0.9083333611488342, 0.9083333611488342, 0.9083333611488342, 0.9333333373069763, 0.8999999761581421, 0.9416666626930237, 0.9583333134651184, 0.9666666388511658, 0.9416666626930237], "val_loss": [0.48875871300697327, 0.3758077919483185, 0.27066943049430847, 0.23331761360168457, 0.23404867947101593, 0.19614627957344055, 0.18477018177509308, 0.1688799262046814, 0.1711466759443283, 0.13469256460666656, 0.16473014652729034, 0.11693397909402847, 0.11578256636857986, 0.09666453301906586, 0.10363589227199554]}