{"accuracy": [0.7731481194496155, 0.8518518805503845, 0.8240740895271301, 0.894444465637207, 0.8962963223457336, 0.9277777671813965, 0.904629647731781, 0.925000011920929, 0.9388889074325562, 0.9435185194015503, 0.9675925970077515, 0.960185170173645, 0.9481481313705444, 0.9435185194015503, 0.9490740895271301], "loss": [0.4533076286315918, 0.34981438517570496, 0.3922034800052643, 0.24018594622612, 0.24215607345104218, 0.1789511889219284, 0.21474149823188782, 0.16650380194187164, 0.1382814645767212, 0.1343100517988205, 0.09571859240531921, 0.1077444776892662, 0.12419947981834412, 0.11552944034337997, 0.11548097431659698], "val_accuracy": [0.675000011920929, 0.699999988079071, 0.8583333492279053, 0.8500000238418579, 0.8999999761581421, 0.925000011920929, 0.8916666507720947, 0.9416666626930237, 0.9666666388511658, 0.9583333134651184, 0.9583333134651184, 0.9666666388511658, 0.9666666388511658, 0.9666666388511658, 0.9750000238418579], "val_loss": [0.5787716507911682, 0.5759193301200867, 0.3070196211338043, 0.3136197328567505, 0.1659976989030838, 0.12743064761161804, 0.18093019723892212, 0.12067141383886337, 0.08623842895030975, 0.10010303556919098, 0.0837569534778595, 0.08810200542211533, 0.08562888205051422, 0.08948551118373871, 0.06958701461553574]}