{"accuracy": [0.8138889074325562, 0.9009259343147278, 0.8981481194496155, 0.8888888955116272, 0.8935185074806213, 0.9157407283782959, 0.9314814805984497, 0.9351851940155029, 0.9138888716697693, 0.9444444179534912, 0.9564814567565918, 0.9546296000480652, 0.9546296000480652, 0.9555555582046509, 0.9425926208496094], "loss": [0.4117744266986847, 0.24032163619995117, 0.24370284378528595, 0.2754174768924713, 0.22537314891815186, 0.1907951980829239, 0.16943632066249847, 0.15402787923812866, 0.17966113984584808, 0.13351258635520935, 0.11742285639047623, 0.10264437645673752, 0.0937686413526535, 0.10496558248996735, 0.1371205747127533], "val_accuracy": [0.699999988079071, 0.8166666626930237, 0.8666666746139526, 0.9333333373069763, 0.8666666746139526, 0.9416666626930237, 0.9750000238418579, 0.9333333373069763, 0.925000011920929, 0.949999988079071, 0.9666666388511658, 0.949999988079071, 0.9583333134651184, 0.9333333373069763, 0.9750000238418579], "val_loss": [0.5792281031608582, 0.3169572055339813, 0.22859768569469452, 0.21960274875164032, 0.23341748118400574, 0.16140525043010712, 0.1660851687192917, 0.1547599881887436, 0.16328483819961548, 0.14686469733715057, 0.10075671225786209, 0.10111689567565918, 0.09478206932544708, 0.16892628371715546, 0.1014213114976883]}