{"accuracy": [0.7777777910232544, 0.8500000238418579, 0.8740741014480591, 0.9037036895751953, 0.9314814805984497, 0.9481481313705444, 0.9462962746620178, 0.9481481313705444, 0.9472222328186035, 0.9314814805984497, 0.9398148059844971, 0.9435185194015503, 0.960185170173645, 0.9509259462356567, 0.9435185194015503], "loss": [0.44565585255622864, 0.32746434211730957, 0.24851232767105103, 0.19999757409095764, 0.16026188433170319, 0.1257704347372055, 0.12374961376190186, 0.11557908356189728, 0.10781922191381454, 0.13193447887897491, 0.12565390765666962, 0.11730241030454636, 0.10045391321182251, 0.09891775995492935, 0.12328505516052246], "val_accuracy": [0.8166666626930237, 0.8333333134651184, 0.8833333253860474, 0.9416666626930237, 0.9416666626930237, 0.9583333134651184, 0.9333333373069763, 0.9916666746139526, 0.9166666865348816, 0.9416666626930237, 0.9583333134651184, 0.9666666388511658, 0.9833333492279053, 0.9416666626930237, 0.9750000238418579], "val_loss": [0.40284886956214905, 0.2984876036643982, 0.21935953199863434, 0.1378193199634552, 0.13575032353401184, 0.10678114742040634, 0.11475738883018494, 0.08302053809165955, 0.12171733379364014, 0.13325493037700653, 0.09975242614746094, 0.07975178211927414, 0.07508940249681473, 0.10257530212402344, 0.06492375582456589]}