{"accuracy": [0.7638888955116272, 0.8435184955596924, 0.8712962865829468, 0.8685185313224792, 0.9138888716697693, 0.9037036895751953, 0.9259259104728699, 0.9379629492759705, 0.9416666626930237, 0.9583333134651184, 0.9490740895271301, 0.9620370268821716, 0.9675925970077515, 0.9287037253379822, 0.925000011920929], "loss": [0.46300074458122253, 0.36453771591186523, 0.30503618717193604, 0.27770572900772095, 0.21382784843444824, 0.21966975927352905, 0.17321686446666718, 0.14221647381782532, 0.14471293985843658, 0.10774175077676773, 0.12451304495334625, 0.09075672924518585, 0.07222142070531845, 0.15528391301631927, 0.16594301164150238], "val_accuracy": [0.75, 0.875, 0.8666666746139526, 0.9166666865348816, 0.9333333373069763, 0.9583333134651184, 0.9833333492279053, 0.9416666626930237, 0.9750000238418579, 0.949999988079071, 0.9750000238418579, 0.9833333492279053, 0.9583333134651184, 0.8999999761581421, 0.9416666626930237], "val_loss": [0.5107870697975159, 0.3259386122226715, 0.2882327735424042, 0.2538730204105377, 0.18478207290172577, 0.1522810161113739, 0.104500412940979, 0.12423227727413177, 0.10137848556041718, 0.08950445055961609, 0.08379799872636795, 0.06558384746313095, 0.09565892070531845, 0.20557880401611328, 0.1278020441532135]}