{"accuracy": [0.7842592597007751, 0.8435184955596924, 0.8481481671333313, 0.855555534362793, 0.8666666746139526, 0.824999988079071, 0.8685185313224792, 0.9074074029922485, 0.9333333373069763, 0.9435185194015503, 0.9453703761100769, 0.9546296000480652, 0.9564814567565918, 0.9685184955596924, 0.9629629850387573], "loss": [0.4223778247833252, 0.34170714020729065, 0.2902739644050598, 0.282492071390152, 0.2916054129600525, 0.33411869406700134, 0.2636249363422394, 0.2117992341518402, 0.15043002367019653, 0.12988035380840302, 0.11801163852214813, 0.09787259250879288, 0.09543564915657043, 0.07475391030311584, 0.09052388370037079], "val_accuracy": [0.7916666865348816, 0.8500000238418579, 0.7749999761581421, 0.8999999761581421, 0.8666666746139526, 0.8916666507720947, 0.925000011920929, 0.8999999761581421, 0.9583333134651184, 0.9583333134651184, 0.9416666626930237, 0.9416666626930237, 0.9833333492279053, 0.9833333492279053, 0.9833333492279053], "val_loss": [0.38147345185279846, 0.3237639367580414, 0.3563423156738281, 0.2237599790096283, 0.31148794293403625, 0.24779976904392242, 0.2114972472190857, 0.21219907701015472, 0.11046338081359863, 0.10181286931037903, 0.12786708772182465, 0.11929669231176376, 0.058016497641801834, 0.057163774967193604, 0.05100502818822861]}