{"accuracy": [0.6657407283782959, 0.7453703880310059, 0.75, 0.7527777552604675, 0.7518518567085266, 0.7675926089286804, 0.7768518328666687, 0.7953703999519348, 0.7907407283782959, 0.7953703999519348, 0.7888888716697693, 0.7888888716697693, 0.789814829826355, 0.7935185432434082, 0.7944444417953491, 0.800000011920929, 0.7953703999519348, 0.7962962985038757, 0.800000011920929, 0.8037037253379822], "loss": [0.5671504735946655, 0.4829648733139038, 0.47235673666000366, 0.46097999811172485, 0.447609543800354, 0.43218183517456055, 0.41648024320602417, 0.4043664336204529, 0.3930724561214447, 0.38529202342033386, 0.3793296217918396, 0.374762624502182, 0.37007835507392883, 0.36235079169273376, 0.36234143376350403, 0.3619557023048401, 0.3552459478378296, 0.35655638575553894, 0.351962149143219, 0.3492951989173889], "val_accuracy": [0.7416666746139526, 0.7416666746139526, 0.7416666746139526, 0.75, 0.7749999761581421, 0.7749999761581421, 0.7666666507720947, 0.800000011920929, 0.7833333611488342, 0.7833333611488342, 0.8083333373069763, 0.8166666626930237, 0.8166666626930237, 0.8083333373069763, 0.8166666626930237, 0.8166666626930237, 0.8166666626930237, 0.8166666626930237, 0.8166666626930237, 0.8166666626930237], "val_loss": [0.4869380295276642, 0.47553059458732605, 0.4638681411743164, 0.4520697295665741, 0.4367386996746063, 0.4230585992336273, 0.4113928973674774, 0.40052616596221924, 0.39272353053092957, 0.3880215287208557, 0.38392844796180725, 0.37968236207962036, 0.3780881464481354, 0.3748188018798828, 0.3745153546333313, 0.37372881174087524, 0.3734666705131531, 0.37237656116485596, 0.37113359570503235, 0.36905863881111145], "learning_rate": [0.0010000000474974513, 0.0010000000474974513, 0.0010000000474974513, 0.0010000000474974513, 0.0010000000474974513, 0.0010000000474974513, 0.0010000000474974513, 0.0010000000474974513, 0.0010000000474974513, 0.0010000000474974513, 0.0010000000474974513, 0.0010000000474974513, 0.0010000000474974513, 0.0010000000474974513, 0.0010000000474974513, 0.0010000000474974513, 0.0010000000474974513, 0.0010000000474974513, 0.0010000000474974513, 0.0010000000474974513]}