{"accuracy": [0.7861111164093018, 0.8268518447875977, 0.8768518567085266, 0.9185185432434082, 0.9277777671813965, 0.9009259343147278, 0.9342592358589172, 0.9527778029441833, 0.9296296238899231, 0.9518518447875977, 0.9638888835906982, 0.9555555582046509, 0.9638888835906982, 0.9527778029441833, 0.9629629850387573], "loss": [0.44943374395370483, 0.38541603088378906, 0.2666108012199402, 0.18620015680789948, 0.15468034148216248, 0.22012360394001007, 0.16343656182289124, 0.1223565861582756, 0.1516181081533432, 0.12434760481119156, 0.10199910402297974, 0.0977264791727066, 0.09535322338342667, 0.11226920783519745, 0.0885213166475296], "val_accuracy": [0.699999988079071, 0.8083333373069763, 0.824999988079071, 0.875, 0.9666666388511658, 0.9333333373069763, 0.949999988079071, 0.9583333134651184, 0.9333333373069763, 0.9333333373069763, 0.9333333373069763, 0.949999988079071, 0.8999999761581421, 0.9416666626930237, 0.9583333134651184], "val_loss": [0.5909407138824463, 0.3947020173072815, 0.47115638852119446, 0.3776702880859375, 0.0810430571436882, 0.177147775888443, 0.14483965933322906, 0.12236526608467102, 0.1313941925764084, 0.13952618837356567, 0.1368853747844696, 0.09101136028766632, 0.19805483520030975, 0.1224115863442421, 0.08498195558786392]}