{"accuracy": [0.5685185194015503, 0.75, 0.7490741014480591, 0.7481481432914734, 0.7481481432914734, 0.7527777552604675, 0.7740740776062012, 0.7870370149612427, 0.8027777671813965, 0.8064814805984497, 0.8083333373069763, 0.8166666626930237, 0.8203703761100769, 0.8490740656852722, 0.8129629492759705, 0.8379629850387573, 0.835185170173645, 0.8435184955596924, 0.8407407402992249, 0.9037036895751953], "loss": [0.6187944412231445, 0.4816219210624695, 0.4652324616909027, 0.4471932649612427, 0.4308665096759796, 0.41461920738220215, 0.4033851623535156, 0.3880603611469269, 0.37582927942276, 0.3665289282798767, 0.35862767696380615, 0.3503347933292389, 0.3433088958263397, 0.3151061534881592, 0.5277633666992188, 0.3268556296825409, 0.3292413651943207, 0.32625964283943176, 0.29866549372673035, 0.2236918807029724], "val_accuracy": [0.7083333134651184, 0.7083333134651184, 0.7083333134651184, 0.7083333134651184, 0.699999988079071, 0.699999988079071, 0.7166666388511658, 0.7416666746139526, 0.7583333253860474, 0.7749999761581421, 0.7833333611488342, 0.800000011920929, 0.8166666626930237, 0.8166666626930237, 0.8166666626930237, 0.8166666626930237, 0.8166666626930237, 0.8083333373069763, 0.8916666507720947, 0.9166666865348816], "val_loss": [0.5389924645423889, 0.515285849571228, 0.499935507774353, 0.48095613718032837, 0.4633900225162506, 0.4491172730922699, 0.43419238924980164, 0.41945159435272217, 0.40715911984443665, 0.39878636598587036, 0.3916216492652893, 0.3819214403629303, 0.37434232234954834, 0.3622606694698334, 0.3691427409648895, 0.36571404337882996, 0.3675907254219055, 0.34705013036727905, 0.23121364414691925, 0.21692289412021637], "learning_rate": [0.0010000000474974513, 0.0010000000474974513, 0.0010000000474974513, 0.0010000000474974513, 0.0010000000474974513, 0.0010000000474974513, 0.0010000000474974513, 0.0010000000474974513, 0.0010000000474974513, 0.0010000000474974513, 0.0010000000474974513, 0.0010000000474974513, 0.0010000000474974513, 0.0010000000474974513, 0.0010000000474974513, 0.0010000000474974513, 0.0010000000474974513, 0.0005000000237487257, 0.0005000000237487257, 0.0005000000237487257]}