{"accuracy": [0.7833333611488342, 0.8268518447875977, 0.855555534362793, 0.8527777791023254, 0.8990740776062012, 0.9351851940155029, 0.9277777671813965, 0.9444444179534912, 0.9342592358589172, 0.9481481313705444, 0.9546296000480652, 0.9648148417472839, 0.9444444179534912, 0.9583333134651184, 0.970370352268219], "loss": [0.4533478915691376, 0.3582914471626282, 0.3041139841079712, 0.3135395646095276, 0.21405348181724548, 0.13459888100624084, 0.16879214346408844, 0.14515730738639832, 0.14519895613193512, 0.12372887134552002, 0.10971011221408844, 0.09849422425031662, 0.1305587738752365, 0.09970707446336746, 0.07731583714485168], "val_accuracy": [0.7416666746139526, 0.8999999761581421, 0.8999999761581421, 0.9166666865348816, 0.9750000238418579, 0.949999988079071, 0.925000011920929, 0.8999999761581421, 0.925000011920929, 0.9333333373069763, 0.949999988079071, 0.949999988079071, 0.9416666626930237, 0.9750000238418579, 0.9666666388511658], "val_loss": [0.4826895594596863, 0.2743920087814331, 0.26701992750167847, 0.21801498532295227, 0.11774837225675583, 0.09609808772802353, 0.1398896872997284, 0.1426292061805725, 0.10495615005493164, 0.09258393943309784, 0.11102910339832306, 0.0818103700876236, 0.1150125190615654, 0.06916450709104538, 0.07534955441951752]}