{"accuracy": [0.7277777791023254, 0.779629647731781, 0.7861111164093018, 0.7925925850868225, 0.7972221970558167, 0.8083333373069763, 0.8092592358589172, 0.8037037253379822, 0.8129629492759705, 0.8203703761100769, 0.8166666626930237, 0.8231481313705444, 0.8212962746620178, 0.824999988079071, 0.8314814567565918, 0.835185170173645, 0.8287037014961243, 0.8370370268821716, 0.8361111283302307, 0.8361111283302307], "loss": [0.48878780007362366, 0.4173422157764435, 0.39885735511779785, 0.39139607548713684, 0.37447667121887207, 0.36270955204963684, 0.355735719203949, 0.38049471378326416, 0.3488958775997162, 0.3354884386062622, 0.3403237462043762, 0.3261893093585968, 0.32632166147232056, 0.32577934861183167, 0.32037004828453064, 0.31566521525382996, 0.3172011971473694, 0.3144233822822571, 0.3104245960712433, 0.30322161316871643], "val_accuracy": [0.7833333611488342, 0.8083333373069763, 0.8166666626930237, 0.8166666626930237, 0.8166666626930237, 0.8083333373069763, 0.8166666626930237, 0.8166666626930237, 0.8166666626930237, 0.8083333373069763, 0.8083333373069763, 0.8083333373069763, 0.8166666626930237, 0.800000011920929, 0.7749999761581421, 0.8083333373069763, 0.824999988079071, 0.824999988079071, 0.8166666626930237, 0.8166666626930237], "val_loss": [0.449836403131485, 0.394625186920166, 0.3716656267642975, 0.35918399691581726, 0.3486212491989136, 0.34199583530426025, 0.33868545293807983, 0.330168753862381, 0.33472898602485657, 0.3303631544113159, 0.32823455333709717, 0.32815176248550415, 0.32571840286254883, 0.3292727470397949, 0.34426239132881165, 0.33267340064048767, 0.32540658116340637, 0.32251015305519104, 0.3210160434246063, 0.3188371956348419], "learning_rate": [0.0010000000474974513, 0.0010000000474974513, 0.0010000000474974513, 0.0010000000474974513, 0.0010000000474974513, 0.0010000000474974513, 0.0010000000474974513, 0.0010000000474974513, 0.0010000000474974513, 0.0010000000474974513, 0.0010000000474974513, 0.0010000000474974513, 0.0010000000474974513, 0.0010000000474974513, 0.0010000000474974513, 0.0010000000474974513, 0.0005000000237487257, 0.0005000000237487257, 0.0005000000237487257, 0.0005000000237487257]}