{"accuracy": [0.7749999761581421, 0.8527777791023254, 0.8379629850387573, 0.8148148059844971, 0.8324074149131775, 0.9101851582527161, 0.9305555820465088, 0.9351851940155029, 0.9481481313705444, 0.9453703761100769, 0.9518518447875977, 0.9527778029441833, 0.9564814567565918, 0.9592592716217041, 0.960185170173645], "loss": [0.4482482075691223, 0.3432076573371887, 0.3618795871734619, 0.35943761467933655, 0.3204907178878784, 0.21501490473747253, 0.190181702375412, 0.1583121418952942, 0.12554895877838135, 0.12977255880832672, 0.1166110709309578, 0.1170714870095253, 0.11554837226867676, 0.10364815592765808, 0.09665969759225845], "val_accuracy": [0.7583333253860474, 0.8333333134651184, 0.824999988079071, 0.824999988079071, 0.8416666388511658, 0.8916666507720947, 0.8999999761581421, 0.9333333373069763, 0.9333333373069763, 0.9416666626930237, 0.949999988079071, 0.9583333134651184, 0.9583333134651184, 0.9583333134651184, 0.9583333134651184], "val_loss": [0.45101305842399597, 0.36523953080177307, 0.35256195068359375, 0.3581087291240692, 0.284816175699234, 0.19274887442588806, 0.19214089214801788, 0.15424995124340057, 0.14400196075439453, 0.1489144116640091, 0.12829497456550598, 0.1278049796819687, 0.12258267402648926, 0.11222503334283829, 0.11447267234325409]}