{"accuracy": [0.7870370149612427, 0.8685185313224792, 0.8740741014480591, 0.9101851582527161, 0.9175925850868225, 0.914814829826355, 0.9444444179534912, 0.9555555582046509, 0.9435185194015503, 0.9592592716217041, 0.9555555582046509, 0.9574074149131775, 0.960185170173645, 0.9592592716217041, 0.9638888835906982], "loss": [0.43091222643852234, 0.31257209181785583, 0.2773257791996002, 0.20027542114257812, 0.17473892867565155, 0.18695181608200073, 0.12302007526159286, 0.10840471088886261, 0.12456408143043518, 0.10178288072347641, 0.10196267813444138, 0.09696470946073532, 0.10701853781938553, 0.087104432284832, 0.08798705786466599], "val_accuracy": [0.7833333611488342, 0.8500000238418579, 0.8666666746139526, 0.949999988079071, 0.925000011920929, 0.9416666626930237, 0.9583333134651184, 0.9666666388511658, 0.9750000238418579, 0.9750000238418579, 0.9750000238418579, 0.9750000238418579, 0.9750000238418579, 0.9750000238418579, 0.9750000238418579], "val_loss": [0.4358333349227905, 0.30761414766311646, 0.2692162096500397, 0.16991305351257324, 0.12243781983852386, 0.15979410707950592, 0.0791957825422287, 0.10448317229747772, 0.06895710527896881, 0.07400759309530258, 0.07130175083875656, 0.09391705691814423, 0.10892834514379501, 0.06698162853717804, 0.08593263477087021]}