{"accuracy": [0.4296296238899231, 0.6379629373550415, 0.75, 0.75, 0.75, 0.75, 0.7490741014480591, 0.7629629373550415, 0.7953703999519348, 0.8092592358589172, 0.8138889074325562, 0.8083333373069763, 0.8120370507240295, 0.8101851940155029, 0.8120370507240295, 0.8129629492759705, 0.8203703761100769, 0.8296296000480652, 0.8370370268821716, 0.8629629611968994], "loss": [0.6762842535972595, 0.5414196252822876, 0.49544665217399597, 0.47273343801498413, 0.4527282416820526, 0.4357302486896515, 0.42004498839378357, 0.4070765972137451, 0.39588260650634766, 0.38527485728263855, 0.37719133496284485, 0.36942562460899353, 0.3628470003604889, 0.3571000099182129, 0.35129520297050476, 0.34477710723876953, 0.33692750334739685, 0.3290596902370453, 0.3168630599975586, 0.29203274846076965], "val_accuracy": [0.49166667461395264, 0.75, 0.75, 0.75, 0.75, 0.75, 0.75, 0.7583333253860474, 0.7833333611488342, 0.800000011920929, 0.8083333373069763, 0.8083333373069763, 0.800000011920929, 0.7833333611488342, 0.7749999761581421, 0.7833333611488342, 0.7916666865348816, 0.7916666865348816, 0.8333333134651184, 0.8583333492279053], "val_loss": [0.5758593678474426, 0.5069636106491089, 0.4798170328140259, 0.4602856934070587, 0.4443235695362091, 0.42880091071128845, 0.4161190688610077, 0.40672767162323, 0.3960169553756714, 0.39021584391593933, 0.3835744857788086, 0.3789539933204651, 0.3757401704788208, 0.3712227940559387, 0.3665527403354645, 0.3552757203578949, 0.34942829608917236, 0.33587732911109924, 0.3105561137199402, 0.288726806640625], "learning_rate": [0.0010000000474974513, 0.0010000000474974513, 0.0010000000474974513, 0.0010000000474974513, 0.0010000000474974513, 0.0010000000474974513, 0.0010000000474974513, 0.0010000000474974513, 0.0010000000474974513, 0.0010000000474974513, 0.0010000000474974513, 0.0010000000474974513, 0.0010000000474974513, 0.0010000000474974513, 0.0010000000474974513, 0.0010000000474974513, 0.0010000000474974513, 0.0010000000474974513, 0.0010000000474974513, 0.0010000000474974513]}