{"accuracy": [0.779629647731781, 0.8314814567565918, 0.8490740656852722, 0.8574073910713196, 0.8472222089767456, 0.8722222447395325, 0.885185182094574, 0.8935185074806213, 0.9379629492759705, 0.9527778029441833, 0.9564814567565918, 0.9694444537162781, 0.9750000238418579, 0.9768518805503845, 0.9629629850387573, 0.979629635810852, 0.9768518805503845, 0.9814814925193787, 0.9787036776542664, 0.9870370626449585], "loss": [0.47346216440200806, 0.3700762391090393, 0.3299408257007599, 0.3007035553455353, 0.3030557930469513, 0.2835223376750946, 0.2447541356086731, 0.22137989103794098, 0.1470278650522232, 0.12138455361127853, 0.11217986792325974, 0.08069101721048355, 0.0797213688492775, 0.06628802418708801, 0.10739007592201233, 0.0634993240237236, 0.07047039270401001, 0.05833869054913521, 0.059333596378564835, 0.04458900913596153], "val_accuracy": [0.7833333611488342, 0.8416666388511658, 0.824999988079071, 0.824999988079071, 0.8583333492279053, 0.8166666626930237, 0.8583333492279053, 0.8916666507720947, 0.9666666388511658, 0.9416666626930237, 0.9333333373069763, 0.9583333134651184, 0.9416666626930237, 0.9416666626930237, 0.9666666388511658, 0.9833333492279053, 0.9750000238418579, 0.9750000238418579, 0.9750000238418579, 0.9916666746139526], "val_loss": [0.47311699390411377, 0.36256682872772217, 0.3681390881538391, 0.37078991532325745, 0.2979947626590729, 0.3296815752983093, 0.26808634400367737, 0.19466963410377502, 0.12612292170524597, 0.16242888569831848, 0.12481290847063065, 0.10510861873626709, 0.09448452293872833, 0.13429675996303558, 0.09785278886556625, 0.08092702180147171, 0.06814242154359818, 0.08922417461872101, 0.11008625477552414, 0.04916554316878319], "learning_rate": [0.0010000000474974513, 0.0010000000474974513, 0.0010000000474974513, 0.0010000000474974513, 0.0010000000474974513, 0.0010000000474974513, 0.0010000000474974513, 0.0010000000474974513, 0.0010000000474974513, 0.0010000000474974513, 0.0010000000474974513, 0.0010000000474974513, 0.0010000000474974513, 0.0010000000474974513, 0.0010000000474974513, 0.0010000000474974513, 0.0010000000474974513, 0.0010000000474974513, 0.0010000000474974513, 0.0010000000474974513]}