{"accuracy": [0.7731481194496155, 0.8435184955596924, 0.854629635810852, 0.875, 0.9092592597007751, 0.9027777910232544, 0.9277777671813965, 0.9444444179534912, 0.9407407641410828, 0.9546296000480652, 0.9648148417472839, 0.9629629850387573, 0.9685184955596924, 0.9712963104248047, 0.9592592716217041], "loss": [0.469645619392395, 0.3576034605503082, 0.32476434111595154, 0.2787909209728241, 0.2113800048828125, 0.21309907734394073, 0.1778249889612198, 0.14982165396213531, 0.12731660902500153, 0.11901858448982239, 0.1002851277589798, 0.09447077661752701, 0.08718017488718033, 0.09113799035549164, 0.09561147540807724], "val_accuracy": [0.8166666626930237, 0.8999999761581421, 0.8666666746139526, 0.8833333253860474, 0.925000011920929, 0.9333333373069763, 0.9083333611488342, 0.9333333373069763, 0.9166666865348816, 0.9333333373069763, 0.9333333373069763, 0.9416666626930237, 0.949999988079071, 0.9416666626930237, 0.949999988079071], "val_loss": [0.39395180344581604, 0.27145442366600037, 0.29692238569259644, 0.24231846630573273, 0.16832749545574188, 0.1778426170349121, 0.1723024994134903, 0.157319113612175, 0.14749643206596375, 0.13953657448291779, 0.13811323046684265, 0.1445348709821701, 0.10393234342336655, 0.1640218198299408, 0.12605319917201996]}