{"accuracy": [0.7907407283782959, 0.8592592477798462, 0.8768518567085266, 0.9398148059844971, 0.9379629492759705, 0.9444444179534912, 0.9490740895271301, 0.9351851940155029, 0.9435185194015503, 0.9444444179534912, 0.9527778029441833, 0.9620370268821716, 0.9657407402992249, 0.9444444179534912, 0.9564814567565918], "loss": [0.452667772769928, 0.3166593313217163, 0.23979587852954865, 0.15481218695640564, 0.13780885934829712, 0.13682259619235992, 0.11513833701610565, 0.15319636464118958, 0.13246504962444305, 0.13159450888633728, 0.1152123212814331, 0.09297624230384827, 0.08536923676729202, 0.11988461762666702, 0.1058303564786911], "val_accuracy": [0.7833333611488342, 0.8916666507720947, 0.9083333611488342, 0.9166666865348816, 0.9083333611488342, 0.9416666626930237, 0.949999988079071, 0.9166666865348816, 0.9416666626930237, 0.9333333373069763, 0.9333333373069763, 0.9583333134651184, 0.9583333134651184, 0.9166666865348816, 0.9416666626930237], "val_loss": [0.380645215511322, 0.23316173255443573, 0.1790967434644699, 0.14777636528015137, 0.1530420482158661, 0.11394758522510529, 0.11547981947660446, 0.17677846550941467, 0.14750830829143524, 0.12161232531070709, 0.1395932286977768, 0.0942520871758461, 0.08402671664953232, 0.14094918966293335, 0.11948490887880325]}