{"accuracy": [0.7833333611488342, 0.8657407164573669, 0.8759258985519409, 0.8675925731658936, 0.9259259104728699, 0.9407407641410828, 0.9435185194015503, 0.9425926208496094, 0.9481481313705444, 0.9435185194015503, 0.9472222328186035, 0.9490740895271301, 0.9518518447875977, 0.9564814567565918, 0.9527778029441833], "loss": [0.4412115216255188, 0.2992878556251526, 0.25363168120384216, 0.302007257938385, 0.1968839466571808, 0.1331995576620102, 0.1512562781572342, 0.1323426365852356, 0.125094473361969, 0.1403043270111084, 0.13231341540813446, 0.11186553537845612, 0.10718599706888199, 0.10723216086626053, 0.10771318525075912], "val_accuracy": [0.75, 0.9083333611488342, 0.8666666746139526, 0.8666666746139526, 0.9083333611488342, 0.9666666388511658, 0.9666666388511658, 0.9750000238418579, 0.9416666626930237, 0.949999988079071, 0.9666666388511658, 0.9666666388511658, 0.949999988079071, 0.949999988079071, 0.9583333134651184], "val_loss": [0.5290426015853882, 0.26342931389808655, 0.2756907343864441, 0.3124733865261078, 0.14548936486244202, 0.09820907562971115, 0.1093360111117363, 0.09022968262434006, 0.11312831938266754, 0.11144954711198807, 0.07467043399810791, 0.07962266355752945, 0.0852479413151741, 0.10339513421058655, 0.10025099664926529]}