{"accuracy": [0.7666666507720947, 0.8629629611968994, 0.8935185074806213, 0.9277777671813965, 0.9407407641410828, 0.9314814805984497, 0.9490740895271301, 0.9407407641410828, 0.9435185194015503, 0.9537037014961243, 0.9555555582046509, 0.9462962746620178, 0.9527778029441833, 0.9490740895271301, 0.9731481671333313], "loss": [0.4832075238227844, 0.3176998496055603, 0.23416410386562347, 0.18517844378948212, 0.15656304359436035, 0.15159492194652557, 0.13697369396686554, 0.12817144393920898, 0.1187020018696785, 0.12177878618240356, 0.1090167835354805, 0.12764975428581238, 0.10618013888597488, 0.09611058980226517, 0.06751659512519836], "val_accuracy": [0.7583333253860474, 0.5916666388511658, 0.8333333134651184, 0.9166666865348816, 0.8833333253860474, 0.925000011920929, 0.925000011920929, 0.9583333134651184, 0.949999988079071, 0.925000011920929, 0.9416666626930237, 0.949999988079071, 0.9416666626930237, 0.9583333134651184, 0.9666666388511658], "val_loss": [0.45423710346221924, 0.8840035200119019, 0.26550716161727905, 0.17121580243110657, 0.20663200318813324, 0.17968694865703583, 0.16011576354503632, 0.10364453494548798, 0.1150323674082756, 0.15750500559806824, 0.12178607285022736, 0.10114892572164536, 0.13394995033740997, 0.07437481731176376, 0.06664066761732101]}