{"accuracy": [0.779629647731781, 0.8398148417472839, 0.9027777910232544, 0.914814829826355, 0.9425926208496094, 0.9305555820465088, 0.9370370507240295, 0.9527778029441833, 0.9444444179534912, 0.9361110925674438, 0.9546296000480652, 0.9638888835906982, 0.9574074149131775, 0.9629629850387573, 0.9740740656852722], "loss": [0.45852580666542053, 0.34472572803497314, 0.23255956172943115, 0.19067612290382385, 0.13504254817962646, 0.16424041986465454, 0.1463674157857895, 0.12077362835407257, 0.11217040568590164, 0.1656060814857483, 0.1245974525809288, 0.08619000762701035, 0.09065785259008408, 0.08063480257987976, 0.06774759292602539], "val_accuracy": [0.800000011920929, 0.8666666746139526, 0.8666666746139526, 0.9083333611488342, 0.925000011920929, 0.875, 0.925000011920929, 0.9166666865348816, 0.9333333373069763, 0.9166666865348816, 0.949999988079071, 0.9333333373069763, 0.925000011920929, 0.9083333611488342, 0.9750000238418579], "val_loss": [0.4457136392593384, 0.30080950260162354, 0.23972775042057037, 0.17391808331012726, 0.1570282131433487, 0.26858147978782654, 0.18887370824813843, 0.15535922348499298, 0.16221652925014496, 0.1749032884836197, 0.11507100611925125, 0.12233481556177139, 0.1296052634716034, 0.14819841086864471, 0.07515431195497513]}