{"accuracy": [0.49444442987442017, 0.7259259223937988, 0.7481481432914734, 0.75, 0.7527777552604675, 0.7574074268341064, 0.7629629373550415, 0.7870370149612427, 0.8046296238899231, 0.8231481313705444, 0.8268518447875977, 0.8388888835906982, 0.8388888835906982, 0.8379629850387573, 0.8425925970077515, 0.8444444537162781, 0.8407407402992249, 0.8407407402992249, 0.8435184955596924, 0.8481481671333313], "loss": [0.6128389835357666, 0.4991582930088043, 0.46574386954307556, 0.4454779624938965, 0.4268355667591095, 0.410062700510025, 0.396262526512146, 0.3823820650577545, 0.37207284569740295, 0.3634665012359619, 0.35668596625328064, 0.3507288098335266, 0.3451049327850342, 0.34181010723114014, 0.33845365047454834, 0.33422064781188965, 0.3316260874271393, 0.330260694026947, 0.3268064260482788, 0.32252776622772217], "val_accuracy": [0.5916666388511658, 0.6833333373069763, 0.7083333134651184, 0.7083333134651184, 0.7166666388511658, 0.7166666388511658, 0.7083333134651184, 0.7333333492279053, 0.7666666507720947, 0.7833333611488342, 0.7749999761581421, 0.800000011920929, 0.800000011920929, 0.800000011920929, 0.8083333373069763, 0.8083333373069763, 0.800000011920929, 0.8083333373069763, 0.8166666626930237, 0.8083333373069763], "val_loss": [0.5738271474838257, 0.5295940637588501, 0.5085598230361938, 0.4898369014263153, 0.47028103470802307, 0.45977967977523804, 0.4423101544380188, 0.43118950724601746, 0.4211753308773041, 0.41379445791244507, 0.4081379473209381, 0.4011436402797699, 0.39920729398727417, 0.39595311880111694, 0.3913414776325226, 0.3890121281147003, 0.3896687626838684, 0.3853636682033539, 0.38078954815864563, 0.380627304315567], "learning_rate": [0.0010000000474974513, 0.0010000000474974513, 0.0010000000474974513, 0.0010000000474974513, 0.0010000000474974513, 0.0010000000474974513, 0.0010000000474974513, 0.0010000000474974513, 0.0010000000474974513, 0.0010000000474974513, 0.0010000000474974513, 0.0010000000474974513, 0.0010000000474974513, 0.0010000000474974513, 0.0010000000474974513, 0.0010000000474974513, 0.0010000000474974513, 0.0010000000474974513, 0.0010000000474974513, 0.0010000000474974513]}