{"accuracy": [0.7953703999519348, 0.8620370626449585, 0.8703703880310059, 0.8768518567085266, 0.8740741014480591, 0.885185182094574, 0.8805555701255798, 0.8814814686775208, 0.8990740776062012, 0.9129629731178284, 0.9157407283782959, 0.9083333611488342, 0.9185185432434082, 0.9518518447875977, 0.9537037014961243], "loss": [0.4337468445301056, 0.32948797941207886, 0.30730631947517395, 0.2881794571876526, 0.2665548026561737, 0.25352948904037476, 0.253059983253479, 0.23113572597503662, 0.2272743135690689, 0.20435281097888947, 0.18469437956809998, 0.20982369780540466, 0.19131900370121002, 0.1397690623998642, 0.11780337989330292], "val_accuracy": [0.5833333134651184, 0.8583333492279053, 0.8583333492279053, 0.875, 0.8999999761581421, 0.9083333611488342, 0.9083333611488342, 0.8833333253860474, 0.8999999761581421, 0.9333333373069763, 0.8999999761581421, 0.8916666507720947, 0.949999988079071, 0.9333333373069763, 0.9750000238418579], "val_loss": [0.6230218410491943, 0.32110151648521423, 0.33761918544769287, 0.25059500336647034, 0.22571595013141632, 0.2464892715215683, 0.21818575263023376, 0.20201072096824646, 0.20607788860797882, 0.1769709587097168, 0.17791956663131714, 0.260286420583725, 0.13370952010154724, 0.16888287663459778, 0.06938628852367401]}