{"accuracy": [0.7925925850868225, 0.8500000238418579, 0.8712962865829468, 0.9009259343147278, 0.9453703761100769, 0.9407407641410828, 0.9537037014961243, 0.9555555582046509, 0.9203703999519348, 0.9379629492759705, 0.9416666626930237, 0.9490740895271301, 0.9518518447875977, 0.9629629850387573, 0.9555555582046509], "loss": [0.4238572418689728, 0.3144211173057556, 0.25220489501953125, 0.2049665004014969, 0.1415063440799713, 0.12248554825782776, 0.12466710060834885, 0.09744900465011597, 0.17749789357185364, 0.15317676961421967, 0.12069878727197647, 0.11473578214645386, 0.11938126385211945, 0.09589505195617676, 0.108611561357975], "val_accuracy": [0.7250000238418579, 0.7083333134651184, 0.8666666746139526, 0.8666666746139526, 0.9583333134651184, 0.9333333373069763, 0.9166666865348816, 0.9333333373069763, 0.9166666865348816, 0.8916666507720947, 0.9416666626930237, 0.949999988079071, 0.9166666865348816, 0.8916666507720947, 0.9333333373069763], "val_loss": [0.5314416885375977, 0.5435095429420471, 0.3123778998851776, 0.23563729226589203, 0.13866718113422394, 0.12995798885822296, 0.12915430963039398, 0.1236911341547966, 0.20349258184432983, 0.17691056430339813, 0.14811421930789948, 0.12771567702293396, 0.13366812467575073, 0.16023531556129456, 0.14284692704677582]}