{"accuracy": [0.7537037134170532, 0.7388888597488403, 0.7537037134170532, 0.770370364189148, 0.7851851582527161, 0.7953703999519348, 0.8064814805984497, 0.8083333373069763, 0.8064814805984497, 0.8074073791503906, 0.8175926208496094, 0.7925925850868225, 0.8157407641410828, 0.8231481313705444, 0.8185185194015503, 0.8277778029441833, 0.824999988079071, 0.8990740776062012, 0.9314814805984497, 0.9333333373069763], "loss": [0.538159191608429, 0.4472014307975769, 0.4263812303543091, 0.4114427864551544, 0.395154744386673, 0.38132861256599426, 0.37257272005081177, 0.3651856482028961, 0.3609550893306732, 0.35400933027267456, 0.3503498136997223, 0.44991064071655273, 0.3461741805076599, 0.3601767420768738, 0.34470829367637634, 0.33741262555122375, 0.32647863030433655, 0.22277145087718964, 0.18034380674362183, 0.17415453493595123], "val_accuracy": [0.7916666865348816, 0.7916666865348816, 0.7916666865348816, 0.8083333373069763, 0.7833333611488342, 0.7916666865348816, 0.7749999761581421, 0.7749999761581421, 0.7666666507720947, 0.7749999761581421, 0.7749999761581421, 0.7666666507720947, 0.7916666865348816, 0.7749999761581421, 0.7916666865348816, 0.800000011920929, 0.8333333134651184, 0.9166666865348816, 0.9166666865348816, 0.925000011920929], "val_loss": [0.42248091101646423, 0.39243602752685547, 0.37996992468833923, 0.37279191613197327, 0.36466434597969055, 0.35768619179725647, 0.35254713892936707, 0.34850960969924927, 0.346366286277771, 0.344236820936203, 0.3415531516075134, 0.3465856611728668, 0.34382757544517517, 0.34653040766716003, 0.34539729356765747, 0.34006139636039734, 0.28917616605758667, 0.24594593048095703, 0.24650274217128754, 0.24354691803455353], "learning_rate": [0.0010000000474974513, 0.0010000000474974513, 0.0010000000474974513, 0.0010000000474974513, 0.0010000000474974513, 0.0010000000474974513, 0.0010000000474974513, 0.0010000000474974513, 0.0010000000474974513, 0.0010000000474974513, 0.0010000000474974513, 0.0010000000474974513, 0.0010000000474974513, 0.0010000000474974513, 0.0005000000237487257, 0.0005000000237487257, 0.0005000000237487257, 0.0005000000237487257, 0.0005000000237487257, 0.0005000000237487257]}