{"accuracy": [0.7981481552124023, 0.8722222447395325, 0.9064815044403076, 0.9259259104728699, 0.9398148059844971, 0.9361110925674438, 0.9472222328186035, 0.9222221970558167, 0.9305555820465088, 0.9444444179534912, 0.9472222328186035, 0.9611111283302307, 0.9629629850387573, 0.9611111283302307, 0.9574074149131775], "loss": [0.43249693512916565, 0.2908979654312134, 0.22691479325294495, 0.16968494653701782, 0.13877519965171814, 0.13717125356197357, 0.1150256022810936, 0.18242013454437256, 0.1774197816848755, 0.12479759752750397, 0.11659553647041321, 0.10535551607608795, 0.0962463989853859, 0.09038335829973221, 0.09580599516630173], "val_accuracy": [0.7833333611488342, 0.8916666507720947, 0.8666666746139526, 0.949999988079071, 0.9583333134651184, 0.9583333134651184, 0.9750000238418579, 0.9416666626930237, 0.9666666388511658, 0.9750000238418579, 0.9666666388511658, 0.9750000238418579, 0.9750000238418579, 0.9750000238418579, 0.9666666388511658], "val_loss": [0.41856083273887634, 0.24121113121509552, 0.2648879587650299, 0.11684945225715637, 0.1123056560754776, 0.08888397365808487, 0.07352948188781738, 0.12893936038017273, 0.10114078223705292, 0.07505485415458679, 0.08848431706428528, 0.06792660802602768, 0.057709917426109314, 0.05926922708749771, 0.06484919041395187]}