{"accuracy": [0.7842592597007751, 0.8444444537162781, 0.8472222089767456, 0.894444465637207, 0.9324073791503906, 0.9333333373069763, 0.9472222328186035, 0.9472222328186035, 0.9407407641410828, 0.9425926208496094, 0.9518518447875977, 0.9462962746620178, 0.9638888835906982, 0.9564814567565918, 0.9509259462356567, 0.9537037014961243, 0.9712963104248047, 0.9648148417472839, 0.9657407402992249, 0.9694444537162781], "loss": [0.48867878317832947, 0.38186928629875183, 0.33063098788261414, 0.22839315235614777, 0.16125525534152985, 0.14366373419761658, 0.1317281723022461, 0.13630613684654236, 0.12857620418071747, 0.12246760725975037, 0.11202704906463623, 0.12424129992723465, 0.09031122177839279, 0.09566568583250046, 0.11717317998409271, 0.09307688474655151, 0.08673903346061707, 0.0774342343211174, 0.08732497692108154, 0.07949163019657135], "val_accuracy": [0.7583333253860474, 0.75, 0.800000011920929, 0.8916666507720947, 0.8833333253860474, 0.9416666626930237, 0.9333333373069763, 0.9333333373069763, 0.9333333373069763, 0.9583333134651184, 0.9333333373069763, 0.9666666388511658, 0.9583333134651184, 0.949999988079071, 0.9416666626930237, 0.9666666388511658, 0.9666666388511658, 0.9583333134651184, 0.9750000238418579, 0.9583333134651184], "val_loss": [0.5322447419166565, 0.4721006453037262, 0.3866657018661499, 0.1891438066959381, 0.1957654356956482, 0.15618158876895905, 0.14829297363758087, 0.13195429742336273, 0.12957416474819183, 0.10144093632698059, 0.13138467073440552, 0.08787114173173904, 0.07888622581958771, 0.127682164311409, 0.12643510103225708, 0.07869303226470947, 0.08689238876104355, 0.08733220398426056, 0.06569146364927292, 0.08017867058515549], "learning_rate": [0.0010000000474974513, 0.0010000000474974513, 0.0010000000474974513, 0.0010000000474974513, 0.0010000000474974513, 0.0010000000474974513, 0.0010000000474974513, 0.0010000000474974513, 0.0010000000474974513, 0.0010000000474974513, 0.0010000000474974513, 0.0010000000474974513, 0.0010000000474974513, 0.0010000000474974513, 0.0010000000474974513, 0.0010000000474974513, 0.0010000000474974513, 0.0010000000474974513, 0.0010000000474974513, 0.0010000000474974513]}