{"accuracy": [0.7824074029922485, 0.8435184955596924, 0.8629629611968994, 0.8833333253860474, 0.9092592597007751, 0.9425926208496094, 0.8842592835426331, 0.9379629492759705, 0.9351851940155029, 0.9425926208496094, 0.9481481313705444, 0.9425926208496094, 0.949999988079071, 0.9574074149131775, 0.9490740895271301], "loss": [0.4632236361503601, 0.33830708265304565, 0.3024106025695801, 0.22970084846019745, 0.2040099799633026, 0.1299389749765396, 0.2845701575279236, 0.1656479835510254, 0.1367662101984024, 0.12937204539775848, 0.11692558228969574, 0.12266165018081665, 0.10900115221738815, 0.09937575459480286, 0.1104789674282074], "val_accuracy": [0.574999988079071, 0.8500000238418579, 0.8500000238418579, 0.8916666507720947, 0.9083333611488342, 0.9333333373069763, 0.8833333253860474, 0.925000011920929, 0.9166666865348816, 0.9083333611488342, 0.8916666507720947, 0.9083333611488342, 0.9166666865348816, 0.925000011920929, 0.925000011920929], "val_loss": [0.663121223449707, 0.30207788944244385, 0.3057042062282562, 0.2116500288248062, 0.2044004648923874, 0.14109328389167786, 0.2790146768093109, 0.19470630586147308, 0.17991460859775543, 0.15570171177387238, 0.1836162507534027, 0.16039319336414337, 0.16618794202804565, 0.1666443943977356, 0.12259436398744583]}