{"accuracy": [0.7861111164093018, 0.8592592477798462, 0.8833333253860474, 0.9166666865348816, 0.9138888716697693, 0.9287037253379822, 0.9490740895271301, 0.9398148059844971, 0.9333333373069763, 0.9361110925674438, 0.9675925970077515, 0.9583333134651184, 0.9509259462356567, 0.9564814567565918, 0.9675925970077515], "loss": [0.44631925225257874, 0.3320811092853546, 0.2664724886417389, 0.20102983713150024, 0.18663311004638672, 0.15469549596309662, 0.12404052168130875, 0.1300652027130127, 0.1280018389225006, 0.1267865151166916, 0.08894959837198257, 0.09142419695854187, 0.10398813337087631, 0.09806139022111893, 0.08219286054372787], "val_accuracy": [0.6499999761581421, 0.8666666746139526, 0.8833333253860474, 0.8416666388511658, 0.9083333611488342, 0.9166666865348816, 0.9416666626930237, 0.9750000238418579, 0.9666666388511658, 0.9916666746139526, 0.949999988079071, 0.9916666746139526, 0.9833333492279053, 0.9833333492279053, 0.9833333492279053], "val_loss": [0.6414539217948914, 0.2992997467517853, 0.2500928044319153, 0.29356393218040466, 0.18225952982902527, 0.15807466208934784, 0.12696126103401184, 0.09094962477684021, 0.09851973503828049, 0.05672880634665489, 0.07471383363008499, 0.06690246611833572, 0.05419273301959038, 0.04942860081791878, 0.03568184748291969]}