{"accuracy": [0.7870370149612427, 0.8777777552604675, 0.8907407522201538, 0.8925926089286804, 0.9259259104728699, 0.8888888955116272, 0.9212962985038757, 0.9509259462356567, 0.9342592358589172, 0.9509259462356567, 0.9537037014961243, 0.9537037014961243, 0.9574074149131775, 0.9546296000480652, 0.9564814567565918], "loss": [0.4315650165081024, 0.3110165297985077, 0.25738438963890076, 0.2101626694202423, 0.16324260830879211, 0.2885274291038513, 0.16647610068321228, 0.1225808709859848, 0.12706173956394196, 0.10787414759397507, 0.09527061879634857, 0.10955754667520523, 0.10945876687765121, 0.09938865900039673, 0.09082233160734177], "val_accuracy": [0.7666666507720947, 0.824999988079071, 0.8333333134651184, 0.9083333611488342, 0.8999999761581421, 0.9333333373069763, 0.949999988079071, 0.9583333134651184, 0.9333333373069763, 0.9666666388511658, 0.9666666388511658, 0.9583333134651184, 0.9583333134651184, 0.9583333134651184, 0.949999988079071], "val_loss": [0.4916631579399109, 0.34607812762260437, 0.2941463589668274, 0.21958017349243164, 0.1722445785999298, 0.2230309098958969, 0.16842065751552582, 0.11581598967313766, 0.14884543418884277, 0.10421423614025116, 0.09416434168815613, 0.1032831221818924, 0.11464080214500427, 0.12720273435115814, 0.10372702032327652]}