{"accuracy": [0.4842592477798462, 0.7777777910232544, 0.7324073910713196, 0.7333333492279053, 0.7351852059364319, 0.7435185313224792, 0.7574074268341064, 0.7740740776062012, 0.789814829826355, 0.8083333373069763, 0.8148148059844971, 0.824999988079071, 0.8342592716217041, 0.8388888835906982, 0.8425925970077515, 0.8435184955596924, 0.8416666388511658, 0.8398148417472839, 0.8425925970077515, 0.8444444537162781], "loss": [0.7648910284042358, 0.514963686466217, 0.4741770327091217, 0.4616051912307739, 0.4527568817138672, 0.4412507712841034, 0.4276055693626404, 0.41383448243141174, 0.3997744917869568, 0.38561907410621643, 0.373930424451828, 0.36370304226875305, 0.3553132116794586, 0.3487541377544403, 0.34353727102279663, 0.33826032280921936, 0.333961546421051, 0.3319776952266693, 0.32951146364212036, 0.3273717761039734], "val_accuracy": [0.6583333611488342, 0.7916666865348816, 0.7749999761581421, 0.7749999761581421, 0.7749999761581421, 0.7833333611488342, 0.7916666865348816, 0.800000011920929, 0.7916666865348816, 0.7916666865348816, 0.800000011920929, 0.7916666865348816, 0.800000011920929, 0.800000011920929, 0.7916666865348816, 0.800000011920929, 0.800000011920929, 0.800000011920929, 0.800000011920929, 0.800000011920929], "val_loss": [0.5394073128700256, 0.4595833420753479, 0.4357014298439026, 0.4285432994365692, 0.42360177636146545, 0.41780662536621094, 0.4126356840133667, 0.408366858959198, 0.40413525700569153, 0.4017268121242523, 0.3998976945877075, 0.39903247356414795, 0.3993532955646515, 0.4003963768482208, 0.4016619622707367, 0.39902418851852417, 0.39904919266700745, 0.3985920250415802, 0.39806613326072693, 0.3975575268268585], "learning_rate": [0.0010000000474974513, 0.0010000000474974513, 0.0010000000474974513, 0.0010000000474974513, 0.0010000000474974513, 0.0010000000474974513, 0.0010000000474974513, 0.0010000000474974513, 0.0010000000474974513, 0.0010000000474974513, 0.0010000000474974513, 0.0010000000474974513, 0.0010000000474974513, 0.0010000000474974513, 0.0010000000474974513, 0.0005000000237487257, 0.0005000000237487257, 0.0005000000237487257, 0.0005000000237487257, 0.0005000000237487257]}