{"accuracy": [0.7638888955116272, 0.8564814925193787, 0.8814814686775208, 0.9092592597007751, 0.8898147940635681, 0.9175925850868225, 0.9305555820465088, 0.9425926208496094, 0.9398148059844971, 0.9490740895271301, 0.9462962746620178, 0.9574074149131775, 0.9629629850387573, 0.9592592716217041, 0.9527778029441833], "loss": [0.4813435971736908, 0.3446069359779358, 0.27600541710853577, 0.1887189894914627, 0.23911137878894806, 0.19013217091560364, 0.1569141000509262, 0.12815026938915253, 0.12660673260688782, 0.12493790686130524, 0.11177831143140793, 0.0974411740899086, 0.08622108399868011, 0.08705001324415207, 0.09397363662719727], "val_accuracy": [0.7666666507720947, 0.8666666746139526, 0.9083333611488342, 0.925000011920929, 0.8999999761581421, 0.949999988079071, 0.9583333134651184, 0.9750000238418579, 0.925000011920929, 0.949999988079071, 0.9666666388511658, 0.9833333492279053, 0.949999988079071, 0.9833333492279053, 0.9833333492279053], "val_loss": [0.4627959132194519, 0.3069412112236023, 0.20898407697677612, 0.17895345389842987, 0.2112157791852951, 0.14609552919864655, 0.10287389904260635, 0.09375438839197159, 0.122620590031147, 0.11106057465076447, 0.08985403925180435, 0.06306884437799454, 0.08793158084154129, 0.06986052542924881, 0.07585453987121582]}