{"accuracy": [0.7833333611488342, 0.8574073910713196, 0.875, 0.8824074268341064, 0.8925926089286804, 0.9055555462837219, 0.9157407283782959, 0.9296296238899231, 0.9379629492759705, 0.9305555820465088, 0.9472222328186035, 0.9509259462356567, 0.949999988079071, 0.9611111283302307, 0.9583333134651184, 0.9583333134651184, 0.970370352268219, 0.9712963104248047, 0.9814814925193787, 0.9685184955596924], "loss": [0.4567943513393402, 0.32604697346687317, 0.2833425998687744, 0.2527957260608673, 0.23324143886566162, 0.2122880518436432, 0.17668664455413818, 0.1432332992553711, 0.14475378394126892, 0.15553370118141174, 0.11768469959497452, 0.10648288577795029, 0.11762358248233795, 0.08579254895448685, 0.1117403507232666, 0.0928829088807106, 0.07759485393762589, 0.07715432345867157, 0.052489880472421646, 0.0784057155251503], "val_accuracy": [0.7916666865348816, 0.8916666507720947, 0.8916666507720947, 0.875, 0.8833333253860474, 0.8999999761581421, 0.8999999761581421, 0.9333333373069763, 0.925000011920929, 0.9666666388511658, 0.9416666626930237, 0.9583333134651184, 0.9833333492279053, 0.9166666865348816, 0.9583333134651184, 0.9666666388511658, 0.9833333492279053, 0.9916666746139526, 0.9750000238418579, 0.9750000238418579], "val_loss": [0.4295586943626404, 0.2655903697013855, 0.24297304451465607, 0.2417168915271759, 0.26533982157707214, 0.203372985124588, 0.17957620322704315, 0.0992031916975975, 0.12009070813655853, 0.09224023669958115, 0.0922207459807396, 0.07700546085834503, 0.06072932109236717, 0.1452873796224594, 0.09391765296459198, 0.06445987522602081, 0.047979824244976044, 0.03877938166260719, 0.049743566662073135, 0.05428297072649002], "learning_rate": [0.0010000000474974513, 0.0010000000474974513, 0.0010000000474974513, 0.0010000000474974513, 0.0010000000474974513, 0.0010000000474974513, 0.0010000000474974513, 0.0010000000474974513, 0.0010000000474974513, 0.0010000000474974513, 0.0010000000474974513, 0.0010000000474974513, 0.0010000000474974513, 0.0010000000474974513, 0.0010000000474974513, 0.0010000000474974513, 0.0005000000237487257, 0.0005000000237487257, 0.0005000000237487257, 0.0005000000237487257]}