{"accuracy": [0.7962962985038757, 0.8268518447875977, 0.8166666626930237, 0.8370370268821716, 0.8490740656852722, 0.8629629611968994, 0.8694444298744202, 0.8638888597488403, 0.864814817905426, 0.8712962865829468, 0.8916666507720947, 0.9018518328666687, 0.925000011920929, 0.925000011920929, 0.9259259104728699], "loss": [0.43014684319496155, 0.3511570692062378, 0.36664849519729614, 0.3238234519958496, 0.284130334854126, 0.2433234006166458, 0.23420803248882294, 0.25274550914764404, 0.25653305649757385, 0.2546568214893341, 0.22101731598377228, 0.20250633358955383, 0.16936789453029633, 0.16290929913520813, 0.1392233520746231], "val_accuracy": [0.6833333373069763, 0.7833333611488342, 0.800000011920929, 0.7916666865348816, 0.7833333611488342, 0.8083333373069763, 0.8500000238418579, 0.8583333492279053, 0.824999988079071, 0.8500000238418579, 0.875, 0.9166666865348816, 0.875, 0.925000011920929, 0.925000011920929], "val_loss": [0.533342182636261, 0.403451532125473, 0.368520051240921, 0.3544679582118988, 0.33097603917121887, 0.30144360661506653, 0.3126152455806732, 0.3234444260597229, 0.3472963571548462, 0.3153955042362213, 0.2887044847011566, 0.16567367315292358, 0.23584534227848053, 0.1793186515569687, 0.14662623405456543]}