{"accuracy": [0.7787036895751953, 0.7638888955116272, 0.8416666388511658, 0.9037036895751953, 0.9231481552124023, 0.9416666626930237, 0.9259259104728699, 0.9425926208496094, 0.9453703761100769, 0.9388889074325562, 0.9203703999519348, 0.9425926208496094, 0.9416666626930237, 0.9333333373069763, 0.949999988079071], "loss": [0.48103174567222595, 0.4445406496524811, 0.3540085256099701, 0.22238150238990784, 0.16470442712306976, 0.14169757068157196, 0.15603265166282654, 0.14069819450378418, 0.1374078243970871, 0.13319312036037445, 0.14831936359405518, 0.11705736070871353, 0.1185663715004921, 0.14431746304035187, 0.12010899186134338], "val_accuracy": [0.5083333253860474, 0.875, 0.8916666507720947, 0.9333333373069763, 0.9666666388511658, 0.9583333134651184, 0.8999999761581421, 0.9666666388511658, 0.9666666388511658, 0.949999988079071, 0.9333333373069763, 0.9666666388511658, 0.9666666388511658, 0.9583333134651184, 0.9583333134651184], "val_loss": [0.8493831157684326, 0.37530317902565, 0.262583464384079, 0.15581046044826508, 0.14641635119915009, 0.09801597893238068, 0.13481585681438446, 0.08855859190225601, 0.10022640973329544, 0.10088295489549637, 0.11933733522891998, 0.0932028591632843, 0.10826890170574188, 0.09595318138599396, 0.09960649162530899]}