{"accuracy": [0.7546296119689941, 0.7546296119689941, 0.7518518567085266, 0.7537037134170532, 0.7629629373550415, 0.7805555462837219, 0.7935185432434082, 0.8083333373069763, 0.8509259223937988, 0.9185185432434082, 0.9259259104728699, 0.9314814805984497, 0.9305555820465088, 0.8574073910713196, 0.9490740895271301, 0.9509259462356567, 0.9490740895271301, 0.9416666626930237, 0.9388889074325562, 0.9416666626930237], "loss": [0.5047913789749146, 0.45131540298461914, 0.43062615394592285, 0.4108147621154785, 0.3946734666824341, 0.38112956285476685, 0.3695967495441437, 0.36060720682144165, 0.32298585772514343, 0.2175426036119461, 0.20103900134563446, 0.1961228847503662, 0.19446812570095062, 0.31795480847358704, 0.16947001218795776, 0.16494230926036835, 0.16721215844154358, 0.18235787749290466, 0.18714497983455658, 0.17890271544456482], "val_accuracy": [0.7083333134651184, 0.7083333134651184, 0.7083333134651184, 0.7083333134651184, 0.7083333134651184, 0.7166666388511658, 0.7250000238418579, 0.7833333611488342, 0.9166666865348816, 0.9333333373069763, 0.8666666746139526, 0.9083333611488342, 0.8999999761581421, 0.949999988079071, 0.9333333373069763, 0.9333333373069763, 0.9166666865348816, 0.9166666865348816, 0.9166666865348816, 0.949999988079071], "val_loss": [0.5042483806610107, 0.48058491945266724, 0.4543335735797882, 0.43241086602211, 0.41719549894332886, 0.39866122603416443, 0.3911108374595642, 0.37005653977394104, 0.26410338282585144, 0.17205564677715302, 0.26122015714645386, 0.21404927968978882, 0.23334810137748718, 0.19878001511096954, 0.18916283547878265, 0.18291252851486206, 0.21839340031147003, 0.2197713553905487, 0.21986547112464905, 0.15857157111167908], "learning_rate": [0.0010000000474974513, 0.0010000000474974513, 0.0010000000474974513, 0.0010000000474974513, 0.0010000000474974513, 0.0010000000474974513, 0.0010000000474974513, 0.0010000000474974513, 0.0010000000474974513, 0.0010000000474974513, 0.0010000000474974513, 0.0010000000474974513, 0.0010000000474974513, 0.0005000000237487257, 0.0005000000237487257, 0.0005000000237487257, 0.0002500000118743628, 0.0002500000118743628, 0.0002500000118743628, 0.0001250000059371814]}