{"accuracy": [0.7768518328666687, 0.8175926208496094, 0.8990740776062012, 0.925000011920929, 0.9324073791503906, 0.9361110925674438, 0.9379629492759705, 0.9287037253379822, 0.9518518447875977, 0.9527778029441833, 0.9407407641410828, 0.9537037014961243, 0.9657407402992249, 0.9740740656852722, 0.9546296000480652], "loss": [0.4648357033729553, 0.3687381446361542, 0.23349374532699585, 0.17222322523593903, 0.14654842019081116, 0.14471493661403656, 0.13327708840370178, 0.14535798132419586, 0.10854346305131912, 0.11732971668243408, 0.1280840039253235, 0.10108928382396698, 0.08659395575523376, 0.07318057864904404, 0.113096222281456], "val_accuracy": [0.7749999761581421, 0.8583333492279053, 0.9416666626930237, 0.9166666865348816, 0.8500000238418579, 0.9083333611488342, 0.925000011920929, 0.9416666626930237, 0.9083333611488342, 0.9166666865348816, 0.925000011920929, 0.949999988079071, 0.949999988079071, 0.9583333134651184, 0.9166666865348816], "val_loss": [0.4147295653820038, 0.3162785470485687, 0.2125779241323471, 0.18831701576709747, 0.2932108938694, 0.1617371290922165, 0.15115322172641754, 0.11341186612844467, 0.14550155401229858, 0.1456141173839569, 0.1397511065006256, 0.11455496400594711, 0.08807414025068283, 0.10265365242958069, 0.12966758012771606]}