{"accuracy": [0.7731481194496155, 0.8462963104248047, 0.8611111044883728, 0.8629629611968994, 0.8666666746139526, 0.8703703880310059, 0.8740741014480591, 0.8694444298744202, 0.8666666746139526, 0.885185182094574, 0.8694444298744202, 0.8787037134170532, 0.8574073910713196, 0.8888888955116272, 0.8787037134170532], "loss": [0.4436552822589874, 0.3517012894153595, 0.3110068440437317, 0.2922095060348511, 0.28075653314590454, 0.25639215111732483, 0.2500778138637543, 0.2404741644859314, 0.24603845179080963, 0.24161362648010254, 0.2550027370452881, 0.23429375886917114, 0.27795886993408203, 0.21015584468841553, 0.24097789824008942], "val_accuracy": [0.75, 0.800000011920929, 0.8083333373069763, 0.8583333492279053, 0.8583333492279053, 0.8583333492279053, 0.8583333492279053, 0.8583333492279053, 0.8583333492279053, 0.8416666388511658, 0.8583333492279053, 0.8583333492279053, 0.8583333492279053, 0.9083333611488342, 0.8166666626930237], "val_loss": [0.5079916715621948, 0.3904156982898712, 0.35067427158355713, 0.28065523505210876, 0.27179017663002014, 0.2653319537639618, 0.2625313997268677, 0.26058316230773926, 0.25904473662376404, 0.2552691698074341, 0.25691667199134827, 0.27465829253196716, 0.2536713778972626, 0.21989805996418, 0.24640607833862305]}