{"accuracy": [0.7916666865348816, 0.8287037014961243, 0.895370364189148, 0.9333333373069763, 0.9407407641410828, 0.9138888716697693, 0.9398148059844971, 0.9546296000480652, 0.9537037014961243, 0.9592592716217041, 0.9657407402992249, 0.9657407402992249, 0.9648148417472839, 0.970370352268219, 0.9675925970077515], "loss": [0.4236209988594055, 0.34214264154434204, 0.23163680732250214, 0.15736086666584015, 0.14888720214366913, 0.18445487320423126, 0.1330871731042862, 0.11729360371828079, 0.11584917455911636, 0.10575918108224869, 0.09151371568441391, 0.10413390398025513, 0.09454740583896637, 0.07403447479009628, 0.07421720772981644], "val_accuracy": [0.7833333611488342, 0.800000011920929, 0.8833333253860474, 0.8999999761581421, 0.9166666865348816, 0.9333333373069763, 0.9333333373069763, 0.949999988079071, 0.9583333134651184, 0.9666666388511658, 0.9666666388511658, 0.9666666388511658, 0.9666666388511658, 0.949999988079071, 0.9583333134651184], "val_loss": [0.42361533641815186, 0.327010840177536, 0.214092418551445, 0.151852548122406, 0.13697870075702667, 0.139285609126091, 0.11307387053966522, 0.10907268524169922, 0.11230074614286423, 0.10439897328615189, 0.13607235252857208, 0.11462591588497162, 0.07636845856904984, 0.11456991732120514, 0.12542025744915009]}