{"accuracy": [0.7777777910232544, 0.8231481313705444, 0.8425925970077515, 0.8564814925193787, 0.8712962865829468, 0.8861111402511597, 0.9055555462837219, 0.9361110925674438, 0.9416666626930237, 0.9462962746620178, 0.9462962746620178, 0.9611111283302307, 0.9324073791503906, 0.9537037014961243, 0.9259259104728699], "loss": [0.4685301184654236, 0.40920424461364746, 0.36087989807128906, 0.32474440336227417, 0.2690828740596771, 0.24574731290340424, 0.19370923936367035, 0.16002945601940155, 0.12154272943735123, 0.11757723987102509, 0.11641168594360352, 0.10009746253490448, 0.13719245791435242, 0.10894019156694412, 0.19429334998130798], "val_accuracy": [0.7333333492279053, 0.8999999761581421, 0.8583333492279053, 0.9166666865348816, 0.9083333611488342, 0.925000011920929, 0.9666666388511658, 0.9583333134651184, 0.9666666388511658, 0.9666666388511658, 0.9833333492279053, 0.9416666626930237, 0.9333333373069763, 0.9583333134651184, 0.9750000238418579], "val_loss": [0.46620720624923706, 0.2655910849571228, 0.3840738832950592, 0.2205314338207245, 0.20842574536800385, 0.1978517472743988, 0.13125582039356232, 0.12102551758289337, 0.1170179694890976, 0.10846717655658722, 0.06793131679296494, 0.12131749838590622, 0.12521640956401825, 0.06562970578670502, 0.08240944892168045]}