{"accuracy": [0.7657407522201538, 0.8444444537162781, 0.8629629611968994, 0.8601852059364319, 0.8805555701255798, 0.8870370388031006, 0.8888888955116272, 0.895370364189148, 0.925000011920929, 0.9435185194015503, 0.9351851940155029, 0.9268518686294556, 0.904629647731781, 0.9425926208496094, 0.9379629492759705], "loss": [0.47003504633903503, 0.35809874534606934, 0.2898334264755249, 0.30870136618614197, 0.2661154270172119, 0.2524620294570923, 0.24460576474666595, 0.22521454095840454, 0.1825755387544632, 0.1498323231935501, 0.1740758866071701, 0.20131950080394745, 0.206691712141037, 0.1490735411643982, 0.15057355165481567], "val_accuracy": [0.7333333492279053, 0.7833333611488342, 0.8999999761581421, 0.875, 0.875, 0.9083333611488342, 0.8666666746139526, 0.8999999761581421, 0.949999988079071, 0.9666666388511658, 0.9666666388511658, 0.925000011920929, 0.9083333611488342, 0.9083333611488342, 0.9333333373069763], "val_loss": [0.5344970226287842, 0.397807776927948, 0.2422102987766266, 0.3105274438858032, 0.3107978105545044, 0.24339993298053741, 0.275190532207489, 0.21548190712928772, 0.15103206038475037, 0.1397898644208908, 0.1063886359333992, 0.22195035219192505, 0.19937273859977722, 0.21844886243343353, 0.1708950251340866]}