{"accuracy": [0.8074073791503906, 0.8675925731658936, 0.8796296119689941, 0.9018518328666687, 0.8481481671333313, 0.9212962985038757, 0.9212962985038757, 0.9305555820465088, 0.9453703761100769, 0.9435185194015503, 0.9268518686294556, 0.9351851940155029, 0.9453703761100769, 0.9481481313705444, 0.9518518447875977], "loss": [0.39934012293815613, 0.28915172815322876, 0.25435930490493774, 0.24489565193653107, 0.28541770577430725, 0.1797245442867279, 0.16541357338428497, 0.16996458172798157, 0.12985748052597046, 0.11607379466295242, 0.15843793749809265, 0.14456059038639069, 0.12194069474935532, 0.10560585558414459, 0.10308868438005447], "val_accuracy": [0.8583333492279053, 0.8666666746139526, 0.8083333373069763, 0.8500000238418579, 0.8999999761581421, 0.9166666865348816, 0.9333333373069763, 0.925000011920929, 0.9416666626930237, 0.9833333492279053, 0.949999988079071, 0.9666666388511658, 0.9666666388511658, 0.9833333492279053, 0.949999988079071], "val_loss": [0.33063384890556335, 0.28838980197906494, 0.5175960063934326, 0.3140714466571808, 0.22950690984725952, 0.17023324966430664, 0.11171232908964157, 0.15654364228248596, 0.11763329803943634, 0.08077038824558258, 0.14355045557022095, 0.11636007577180862, 0.08750355243682861, 0.0752943903207779, 0.09779488295316696]}