{"accuracy": [0.7861111164093018, 0.8166666626930237, 0.8740741014480591, 0.9120370149612427, 0.9231481552124023, 0.9351851940155029, 0.9342592358589172, 0.9425926208496094, 0.9370370507240295, 0.9564814567565918, 0.9481481313705444, 0.9444444179534912, 0.9527778029441833, 0.9481481313705444, 0.9564814567565918], "loss": [0.4390007257461548, 0.386532723903656, 0.296647846698761, 0.22067928314208984, 0.17012213170528412, 0.13694177567958832, 0.13148553669452667, 0.12089808285236359, 0.14454218745231628, 0.11460807174444199, 0.12726208567619324, 0.11756923794746399, 0.10323839634656906, 0.11042056232690811, 0.08936378359794617], "val_accuracy": [0.75, 0.7916666865348816, 0.8583333492279053, 0.8500000238418579, 0.925000011920929, 0.9416666626930237, 0.9583333134651184, 0.9083333611488342, 0.9583333134651184, 0.9583333134651184, 0.9166666865348816, 0.9583333134651184, 0.9583333134651184, 0.9666666388511658, 0.9750000238418579], "val_loss": [0.4928429424762726, 0.40367475152015686, 0.2876306474208832, 0.3284498155117035, 0.1552325338125229, 0.12521372735500336, 0.12321851402521133, 0.14889918267726898, 0.12936931848526, 0.12147646397352219, 0.1425725519657135, 0.12583282589912415, 0.11446269601583481, 0.09803999215364456, 0.0889919102191925]}