{"accuracy": [0.7740740776062012, 0.8564814925193787, 0.8777777552604675, 0.9064815044403076, 0.9074074029922485, 0.9240740537643433, 0.9314814805984497, 0.925000011920929, 0.9268518686294556, 0.9370370507240295, 0.9416666626930237, 0.9518518447875977, 0.9509259462356567, 0.9555555582046509, 0.9620370268821716], "loss": [0.4563869833946228, 0.332417368888855, 0.26137807965278625, 0.21835723519325256, 0.1835843026638031, 0.14823578298091888, 0.13674789667129517, 0.1336626559495926, 0.1454591602087021, 0.1334947645664215, 0.13726474344730377, 0.10479316115379333, 0.12262561917304993, 0.0952715128660202, 0.08598919212818146], "val_accuracy": [0.7333333492279053, 0.800000011920929, 0.800000011920929, 0.925000011920929, 0.9166666865348816, 0.9333333373069763, 0.9583333134651184, 0.9333333373069763, 0.9583333134651184, 0.9583333134651184, 0.9666666388511658, 0.9833333492279053, 0.9833333492279053, 0.9833333492279053, 0.9833333492279053], "val_loss": [0.5867053866386414, 0.3831138610839844, 0.3469131886959076, 0.17594224214553833, 0.15139608085155487, 0.15487529337406158, 0.11506762355566025, 0.12505997717380524, 0.1275317370891571, 0.11245861649513245, 0.10048660635948181, 0.06969723105430603, 0.08555828779935837, 0.06096821278333664, 0.0531369186937809]}