{"accuracy": [0.7787036895751953, 0.8592592477798462, 0.8824074268341064, 0.8722222447395325, 0.8314814567565918, 0.8870370388031006, 0.925000011920929, 0.8999999761581421, 0.9342592358589172, 0.9435185194015503, 0.9175925850868225, 0.9111111164093018, 0.9259259104728699, 0.9407407641410828, 0.9462962746620178], "loss": [0.4346943199634552, 0.32899773120880127, 0.2726924419403076, 0.3149479329586029, 0.32187962532043457, 0.261979877948761, 0.18605242669582367, 0.2277466058731079, 0.1577635407447815, 0.1556742787361145, 0.1924545019865036, 0.20634044706821442, 0.17356811463832855, 0.15625636279582977, 0.14171817898750305], "val_accuracy": [0.7749999761581421, 0.7833333611488342, 0.8333333134651184, 0.800000011920929, 0.8583333492279053, 0.8416666388511658, 0.9416666626930237, 0.925000011920929, 0.949999988079071, 0.9333333373069763, 0.8916666507720947, 0.925000011920929, 0.9583333134651184, 0.9583333134651184, 0.9750000238418579], "val_loss": [0.4462690055370331, 0.46921858191490173, 0.26325032114982605, 0.38209083676338196, 0.2957848906517029, 0.30523282289505005, 0.16001124680042267, 0.18397028744220734, 0.1490960717201233, 0.13295994699001312, 0.18327076733112335, 0.16697855293750763, 0.10819821059703827, 0.09644374996423721, 0.0908430963754654]}