{"accuracy": [0.7351852059364319, 0.8157407641410828, 0.8509259223937988, 0.895370364189148, 0.9388889074325562, 0.9361110925674438, 0.9398148059844971, 0.9472222328186035, 0.9444444179534912, 0.9398148059844971, 0.9574074149131775, 0.9694444537162781, 0.9722222089767456, 0.9657407402992249, 0.9675925970077515, 0.9740740656852722, 0.9768518805503845, 0.9759259223937988, 0.9768518805503845, 0.979629635810852], "loss": [0.5063598155975342, 0.3981013000011444, 0.3360980749130249, 0.24124611914157867, 0.16109995543956757, 0.1574251502752304, 0.13504335284233093, 0.1260415017604828, 0.14354203641414642, 0.13991470634937286, 0.10621482878923416, 0.08623102307319641, 0.07350237667560577, 0.07514505833387375, 0.07963503152132034, 0.06742854416370392, 0.06251151114702225, 0.06386075913906097, 0.058603689074516296, 0.04871593788266182], "val_accuracy": [0.7666666507720947, 0.800000011920929, 0.875, 0.9333333373069763, 0.9166666865348816, 0.925000011920929, 0.9416666626930237, 0.9166666865348816, 0.9166666865348816, 0.949999988079071, 0.9333333373069763, 0.9416666626930237, 0.9333333373069763, 0.9416666626930237, 0.9333333373069763, 0.9416666626930237, 0.9333333373069763, 0.9333333373069763, 0.9333333373069763, 0.9583333134651184], "val_loss": [0.4785580039024353, 0.3960212767124176, 0.2807079255580902, 0.1962825208902359, 0.16067443788051605, 0.14968423545360565, 0.15006248652935028, 0.16030435264110565, 0.18847374618053436, 0.12994378805160522, 0.16929514706134796, 0.12683120369911194, 0.11223780363798141, 0.12458872050046921, 0.1398364007472992, 0.12190596014261246, 0.13207851350307465, 0.12125644832849503, 0.12030710279941559, 0.11707663536071777], "learning_rate": [0.0010000000474974513, 0.0010000000474974513, 0.0010000000474974513, 0.0010000000474974513, 0.0010000000474974513, 0.0010000000474974513, 0.0010000000474974513, 0.0010000000474974513, 0.0010000000474974513, 0.0005000000237487257, 0.0005000000237487257, 0.0005000000237487257, 0.0005000000237487257, 0.0005000000237487257, 0.0005000000237487257, 0.0005000000237487257, 0.0002500000118743628, 0.0002500000118743628, 0.0002500000118743628, 0.0001250000059371814]}