{"accuracy": [0.7685185074806213, 0.8296296000480652, 0.8592592477798462, 0.8796296119689941, 0.9037036895751953, 0.9268518686294556, 0.9185185432434082, 0.9342592358589172, 0.9453703761100769, 0.9462962746620178, 0.9574074149131775, 0.9675925970077515, 0.9611111283302307, 0.9685184955596924, 0.9759259223937988, 0.9787036776542664, 0.9777777791023254, 0.9759259223937988, 0.9870370626449585, 0.9833333492279053], "loss": [0.4900626838207245, 0.37249529361724854, 0.334534615278244, 0.2977454960346222, 0.22106997668743134, 0.1813632696866989, 0.1873360574245453, 0.15297137200832367, 0.13092204928398132, 0.13049878180027008, 0.09731757640838623, 0.08876055479049683, 0.0957849845290184, 0.07649517059326172, 0.0653749406337738, 0.06417212635278702, 0.06342227011919022, 0.05943760275840759, 0.04274443909525871, 0.04389506205916405], "val_accuracy": [0.7583333253860474, 0.8500000238418579, 0.8666666746139526, 0.8916666507720947, 0.9416666626930237, 0.8083333373069763, 0.9833333492279053, 0.9666666388511658, 0.9416666626930237, 0.9666666388511658, 0.9666666388511658, 0.9833333492279053, 0.9750000238418579, 0.9750000238418579, 0.9833333492279053, 1.0, 0.9916666746139526, 1.0, 0.9833333492279053, 0.9833333492279053], "val_loss": [0.48890751600265503, 0.334083616733551, 0.31611499190330505, 0.27072539925575256, 0.16116507351398468, 0.49740129709243774, 0.1212623342871666, 0.12708823382854462, 0.10882774740457535, 0.11718269437551498, 0.07608034461736679, 0.06487350910902023, 0.08472568541765213, 0.06031176820397377, 0.04539813846349716, 0.025305364280939102, 0.038735028356313705, 0.027905838564038277, 0.04600399732589722, 0.03331160172820091], "learning_rate": [0.0010000000474974513, 0.0010000000474974513, 0.0010000000474974513, 0.0010000000474974513, 0.0010000000474974513, 0.0010000000474974513, 0.0010000000474974513, 0.0010000000474974513, 0.0010000000474974513, 0.0010000000474974513, 0.0010000000474974513, 0.0010000000474974513, 0.0010000000474974513, 0.0010000000474974513, 0.0010000000474974513, 0.0010000000474974513, 0.0010000000474974513, 0.0010000000474974513, 0.0010000000474974513, 0.0005000000237487257]}