{"accuracy": [0.760185182094574, 0.8481481671333313, 0.8768518567085266, 0.8666666746139526, 0.8638888597488403, 0.8870370388031006, 0.9277777671813965, 0.9287037253379822, 0.9268518686294556, 0.9305555820465088, 0.9287037253379822, 0.9407407641410828, 0.9472222328186035, 0.9462962746620178, 0.9472222328186035], "loss": [0.4569528102874756, 0.36302587389945984, 0.2727797329425812, 0.30633068084716797, 0.29085126519203186, 0.24178658425807953, 0.17155541479587555, 0.15315118432044983, 0.16176943480968475, 0.15278290212154388, 0.141842782497406, 0.12508335709571838, 0.12066726386547089, 0.1216805949807167, 0.11934972554445267], "val_accuracy": [0.7166666388511658, 0.8916666507720947, 0.8166666626930237, 0.8999999761581421, 0.949999988079071, 0.9333333373069763, 0.875, 0.9166666865348816, 0.9416666626930237, 0.9416666626930237, 0.9416666626930237, 0.949999988079071, 0.9666666388511658, 0.9666666388511658, 0.9833333492279053], "val_loss": [0.5342809557914734, 0.31024107336997986, 0.36441972851753235, 0.18515080213546753, 0.2904190421104431, 0.1918289214372635, 0.24348491430282593, 0.13834090530872345, 0.14712296426296234, 0.11759546399116516, 0.11381873488426208, 0.11516695469617844, 0.09638895094394684, 0.09262815862894058, 0.08420746773481369]}