{"accuracy": [0.760185182094574, 0.8435184955596924, 0.8675925731658936, 0.8731481432914734, 0.8972222208976746, 0.9037036895751953, 0.9120370149612427, 0.9194444417953491, 0.9166666865348816, 0.9407407641410828, 0.9481481313705444, 0.9462962746620178, 0.925000011920929, 0.9564814567565918, 0.960185170173645], "loss": [0.4663862884044647, 0.36491209268569946, 0.289780855178833, 0.2818641662597656, 0.22457517683506012, 0.20348426699638367, 0.1812206208705902, 0.18425287306308746, 0.1423507183790207, 0.12752220034599304, 0.10772557556629181, 0.11083027720451355, 0.15212953090667725, 0.11304236948490143, 0.09448086470365524], "val_accuracy": [0.75, 0.8333333134651184, 0.824999988079071, 0.8416666388511658, 0.8500000238418579, 0.8333333134651184, 0.8999999761581421, 0.8916666507720947, 0.9666666388511658, 0.9666666388511658, 0.9583333134651184, 0.949999988079071, 0.925000011920929, 0.9666666388511658, 0.9583333134651184], "val_loss": [0.5107893943786621, 0.3550282418727875, 0.33257246017456055, 0.3134426176548004, 0.255663126707077, 0.2977883219718933, 0.13799455761909485, 0.1868634968996048, 0.10092826187610626, 0.08875830471515656, 0.09105699509382248, 0.09750550240278244, 0.1547238528728485, 0.10639577358961105, 0.10436428338289261]}