{"accuracy": [0.7824074029922485, 0.8370370268821716, 0.9157407283782959, 0.9268518686294556, 0.9527778029441833, 0.9555555582046509, 0.9361110925674438, 0.9333333373069763, 0.9435185194015503, 0.9435185194015503, 0.949999988079071, 0.960185170173645, 0.9564814567565918, 0.9685184955596924, 0.9824073910713196], "loss": [0.4360772967338562, 0.34078556299209595, 0.21526001393795013, 0.16959594190120697, 0.12380647659301758, 0.12613917887210846, 0.15071548521518707, 0.1389194130897522, 0.11865341663360596, 0.12906518578529358, 0.11013614386320114, 0.08866900950670242, 0.10400275886058807, 0.0749209076166153, 0.0542386993765831], "val_accuracy": [0.7250000238418579, 0.9166666865348816, 0.8416666388511658, 0.9583333134651184, 0.9666666388511658, 0.925000011920929, 0.9166666865348816, 0.9750000238418579, 0.9750000238418579, 0.9750000238418579, 0.9583333134651184, 0.9916666746139526, 0.9833333492279053, 0.9833333492279053, 0.9916666746139526], "val_loss": [0.5521062612533569, 0.2529192268848419, 0.27435654401779175, 0.12657544016838074, 0.07069633901119232, 0.1507055014371872, 0.12851159274578094, 0.10724169760942459, 0.09401826560497284, 0.08169706165790558, 0.10163377225399017, 0.03798210248351097, 0.06472183763980865, 0.06362210959196091, 0.06280167400836945]}