{"accuracy": [0.7851851582527161, 0.8500000238418579, 0.8814814686775208, 0.9212962985038757, 0.9416666626930237, 0.925000011920929, 0.9129629731178284, 0.9351851940155029, 0.9351851940155029, 0.9444444179534912, 0.9398148059844971, 0.9407407641410828, 0.9583333134651184, 0.9518518447875977, 0.9694444537162781], "loss": [0.4295201003551483, 0.32321661710739136, 0.25833791494369507, 0.16885602474212646, 0.13844503462314606, 0.16271600127220154, 0.18900813162326813, 0.1451939344406128, 0.14643600583076477, 0.13049671053886414, 0.130144864320755, 0.12246836721897125, 0.08865011483430862, 0.1081356480717659, 0.080314040184021], "val_accuracy": [0.7916666865348816, 0.8583333492279053, 0.9166666865348816, 0.8916666507720947, 0.925000011920929, 0.8999999761581421, 0.8916666507720947, 0.925000011920929, 0.9333333373069763, 0.949999988079071, 0.949999988079071, 0.9666666388511658, 0.9750000238418579, 0.9750000238418579, 0.9666666388511658], "val_loss": [0.3955034911632538, 0.283184677362442, 0.18685975670814514, 0.17901824414730072, 0.15151943266391754, 0.2256844937801361, 0.1652626097202301, 0.137819305062294, 0.14172068238258362, 0.10630552470684052, 0.10027943551540375, 0.07356398552656174, 0.05681322515010834, 0.07701001316308975, 0.08337260037660599]}