{"accuracy": [0.7805555462837219, 0.7583333253860474, 0.7768518328666687, 0.7879629731178284, 0.7953703999519348, 0.8064814805984497, 0.8111110925674438, 0.8092592358589172, 0.8055555820465088, 0.8037037253379822, 0.8129629492759705, 0.8055555820465088, 0.8101851940155029, 0.8064814805984497, 0.8064814805984497, 0.8083333373069763, 0.8111110925674438, 0.8138889074325562, 0.8212962746620178, 0.8861111402511597], "loss": [0.5251690745353699, 0.44698765873908997, 0.4270328879356384, 0.40898963809013367, 0.3964943289756775, 0.3865375220775604, 0.37752771377563477, 0.3707486689090729, 0.36605051159858704, 0.36164936423301697, 0.35591551661491394, 0.3553900122642517, 0.3528960943222046, 0.3498951494693756, 0.348164439201355, 0.3431679904460907, 0.3349083364009857, 0.3375706374645233, 0.32836318016052246, 0.2798418700695038], "val_accuracy": [0.7166666388511658, 0.7250000238418579, 0.7333333492279053, 0.75, 0.7833333611488342, 0.7916666865348816, 0.7833333611488342, 0.7749999761581421, 0.7749999761581421, 0.7666666507720947, 0.7666666507720947, 0.7666666507720947, 0.7833333611488342, 0.7666666507720947, 0.7749999761581421, 0.7833333611488342, 0.7833333611488342, 0.7833333611488342, 0.7916666865348816, 0.9333333373069763], "val_loss": [0.4887374937534332, 0.4635378122329712, 0.44337084889411926, 0.4265999495983124, 0.4144414961338043, 0.40466633439064026, 0.39925065636634827, 0.3935413062572479, 0.3892745077610016, 0.3856698274612427, 0.38467928767204285, 0.3822527825832367, 0.3797551095485687, 0.37985390424728394, 0.37766414880752563, 0.37187403440475464, 0.3722611963748932, 0.367038756608963, 0.3997887372970581, 0.17428894340991974], "learning_rate": [0.0010000000474974513, 0.0010000000474974513, 0.0010000000474974513, 0.0010000000474974513, 0.0010000000474974513, 0.0010000000474974513, 0.0010000000474974513, 0.0010000000474974513, 0.0010000000474974513, 0.0010000000474974513, 0.0010000000474974513, 0.0010000000474974513, 0.0010000000474974513, 0.0010000000474974513, 0.0010000000474974513, 0.0010000000474974513, 0.0010000000474974513, 0.0010000000474974513, 0.0010000000474974513, 0.0010000000474974513]}