{"accuracy": [0.6398147940635681, 0.7564814686775208, 0.7574074268341064, 0.7583333253860474, 0.7648147940635681, 0.7833333611488342, 0.7981481552124023, 0.8111110925674438, 0.8148148059844971, 0.8175926208496094, 0.8277778029441833, 0.8324074149131775, 0.8324074149131775, 0.8305555582046509, 0.8388888835906982, 0.8342592716217041, 0.9009259343147278, 0.9472222328186035, 0.9509259462356567, 0.9583333134651184], "loss": [0.5744678974151611, 0.46666982769966125, 0.44565191864967346, 0.4283991754055023, 0.41610702872276306, 0.3988727331161499, 0.39323145151138306, 0.3777414560317993, 0.3700644373893738, 0.35847535729408264, 0.35221338272094727, 0.34315329790115356, 0.33851978182792664, 0.3370642066001892, 0.329375684261322, 0.35683807730674744, 0.242555633187294, 0.16175372898578644, 0.1560317724943161, 0.13792431354522705], "val_accuracy": [0.7583333253860474, 0.7666666507720947, 0.7666666507720947, 0.7666666507720947, 0.7833333611488342, 0.7749999761581421, 0.800000011920929, 0.8166666626930237, 0.800000011920929, 0.8083333373069763, 0.8083333373069763, 0.8166666626930237, 0.824999988079071, 0.8416666388511658, 0.8416666388511658, 0.8583333492279053, 0.9333333373069763, 0.9666666388511658, 0.949999988079071, 0.9666666388511658], "val_loss": [0.4499889314174652, 0.4242483973503113, 0.4113861322402954, 0.40097635984420776, 0.39144057035446167, 0.38179856538772583, 0.37358149886131287, 0.3652639091014862, 0.3577125668525696, 0.35157719254493713, 0.3463400900363922, 0.34104976058006287, 0.33585259318351746, 0.33180105686187744, 0.33126628398895264, 0.29521191120147705, 0.18692593276500702, 0.12804953753948212, 0.15405207872390747, 0.11742264777421951], "learning_rate": [0.0010000000474974513, 0.0010000000474974513, 0.0010000000474974513, 0.0010000000474974513, 0.0010000000474974513, 0.0010000000474974513, 0.0010000000474974513, 0.0010000000474974513, 0.0010000000474974513, 0.0010000000474974513, 0.0010000000474974513, 0.0010000000474974513, 0.0010000000474974513, 0.0010000000474974513, 0.0010000000474974513, 0.0010000000474974513, 0.0010000000474974513, 0.0010000000474974513, 0.0010000000474974513, 0.0010000000474974513]}