{"accuracy": [0.7379629611968994, 0.7925925850868225, 0.7981481552124023, 0.7972221970558167, 0.7953703999519348, 0.7953703999519348, 0.8037037253379822, 0.8064814805984497, 0.8027777671813965, 0.8175926208496094, 0.8175926208496094, 0.8305555582046509, 0.8277778029441833, 0.8314814567565918, 0.8287037014961243, 0.8370370268821716, 0.8527777791023254, 0.8388888835906982, 0.854629635810852, 0.8527777791023254], "loss": [0.517795205116272, 0.4031614363193512, 0.38085928559303284, 0.37353384494781494, 0.3656659722328186, 0.3603837192058563, 0.3590143024921417, 0.35124796628952026, 0.343964159488678, 0.3473375737667084, 0.3360811471939087, 0.32849201560020447, 0.323810875415802, 0.32049891352653503, 0.31315430998802185, 0.31252342462539673, 0.31075167655944824, 0.304776132106781, 0.29524484276771545, 0.2985275685787201], "val_accuracy": [0.8416666388511658, 0.8500000238418579, 0.8583333492279053, 0.8500000238418579, 0.8166666626930237, 0.824999988079071, 0.8416666388511658, 0.8416666388511658, 0.8166666626930237, 0.8500000238418579, 0.8083333373069763, 0.824999988079071, 0.8083333373069763, 0.800000011920929, 0.8083333373069763, 0.8416666388511658, 0.8416666388511658, 0.8500000238418579, 0.824999988079071, 0.8416666388511658], "val_loss": [0.4372791349887848, 0.40708574652671814, 0.38961413502693176, 0.37317243218421936, 0.373212993144989, 0.3712424039840698, 0.36994606256484985, 0.3680761754512787, 0.37938740849494934, 0.37110278010368347, 0.3812060058116913, 0.3753094971179962, 0.3814590573310852, 0.3905501961708069, 0.37952709197998047, 0.36921772360801697, 0.37295660376548767, 0.3693299889564514, 0.36559441685676575, 0.36963337659835815], "learning_rate": [0.0010000000474974513, 0.0010000000474974513, 0.0010000000474974513, 0.0010000000474974513, 0.0010000000474974513, 0.0010000000474974513, 0.0010000000474974513, 0.0010000000474974513, 0.0010000000474974513, 0.0010000000474974513, 0.0010000000474974513, 0.0005000000237487257, 0.0005000000237487257, 0.0005000000237487257, 0.0002500000118743628, 0.0002500000118743628, 0.0002500000118743628, 0.0001250000059371814, 0.0001250000059371814, 0.0001250000059371814]}