{"accuracy": [0.7879629731178284, 0.8527777791023254, 0.8685185313224792, 0.8898147940635681, 0.9120370149612427, 0.925000011920929, 0.9333333373069763, 0.9638888835906982, 0.960185170173645, 0.949999988079071, 0.9768518805503845, 0.9750000238418579, 0.9768518805503845, 0.979629635810852, 0.9787036776542664], "loss": [0.45475369691848755, 0.38295257091522217, 0.3316338062286377, 0.25141096115112305, 0.19573529064655304, 0.18977399170398712, 0.13284388184547424, 0.08790527284145355, 0.1042575091123581, 0.1309865266084671, 0.0739850252866745, 0.06551294028759003, 0.06296917796134949, 0.06306245923042297, 0.05558324232697487], "val_accuracy": [0.8083333373069763, 0.8416666388511658, 0.8416666388511658, 0.8500000238418579, 0.8416666388511658, 0.9333333373069763, 0.9583333134651184, 0.949999988079071, 0.9583333134651184, 0.9666666388511658, 0.949999988079071, 0.9666666388511658, 0.9833333492279053, 0.9750000238418579, 0.9666666388511658], "val_loss": [0.4096147119998932, 0.3968948721885681, 0.33471882343292236, 0.2705645263195038, 0.25232672691345215, 0.14622054994106293, 0.11638981848955154, 0.09982190281152725, 0.09244955331087112, 0.09376702457666397, 0.08588333427906036, 0.06868750602006912, 0.06466151773929596, 0.05959220603108406, 0.07639969140291214]}