{"accuracy": [0.7879629731178284, 0.845370352268219, 0.8685185313224792, 0.8962963223457336, 0.9305555820465088, 0.9305555820465088, 0.925000011920929, 0.9425926208496094, 0.9472222328186035, 0.9425926208496094, 0.9370370507240295, 0.9462962746620178, 0.9453703761100769, 0.9509259462356567, 0.9509259462356567], "loss": [0.4487176835536957, 0.3432154059410095, 0.30082714557647705, 0.24359962344169617, 0.16141769289970398, 0.14152757823467255, 0.16820254921913147, 0.1345365047454834, 0.12415049225091934, 0.1333441138267517, 0.13356851041316986, 0.12406530231237411, 0.12642790377140045, 0.12549647688865662, 0.11967001855373383], "val_accuracy": [0.7916666865348816, 0.875, 0.8833333253860474, 0.8666666746139526, 0.875, 0.9083333611488342, 0.875, 0.925000011920929, 0.925000011920929, 0.9166666865348816, 0.925000011920929, 0.8999999761581421, 0.925000011920929, 0.9416666626930237, 0.9416666626930237], "val_loss": [0.42316949367523193, 0.26613789796829224, 0.2499036341905594, 0.2590189278125763, 0.19658635556697845, 0.14995050430297852, 0.20299574732780457, 0.1579056680202484, 0.13164719939231873, 0.14604803919792175, 0.14320191740989685, 0.24070389568805695, 0.14680525660514832, 0.12381688505411148, 0.13010020554065704]}