{"accuracy": [0.7055555582046509, 0.75, 0.75, 0.75, 0.7481481432914734, 0.7555555701255798, 0.7759259343147278, 0.8064814805984497, 0.8231481313705444, 0.8268518447875977, 0.8342592716217041, 0.8342592716217041, 0.7685185074806213, 0.8388888835906982, 0.8898147940635681, 0.9379629492759705, 0.9379629492759705, 0.9351851940155029, 0.9138888716697693, 0.9481481313705444], "loss": [0.5478161573410034, 0.44869527220726013, 0.42796963453292847, 0.40445730090141296, 0.3898179829120636, 0.3751390278339386, 0.3648611605167389, 0.3565090596675873, 0.3504556715488434, 0.3460523188114166, 0.3399461507797241, 0.33648815751075745, 0.8473834991455078, 0.32767030596733093, 0.25557562708854675, 0.1749294549226761, 0.17869332432746887, 0.18880248069763184, 0.22470398247241974, 0.1644645631313324], "val_accuracy": [0.75, 0.75, 0.75, 0.75, 0.75, 0.75, 0.75, 0.8333333134651184, 0.7749999761581421, 0.824999988079071, 0.800000011920929, 0.824999988079071, 0.824999988079071, 0.8583333492279053, 0.9333333373069763, 0.8916666507720947, 0.9333333373069763, 0.9416666626930237, 0.949999988079071, 0.9333333373069763], "val_loss": [0.45458897948265076, 0.4263969361782074, 0.4009721875190735, 0.38143858313560486, 0.36439743638038635, 0.35221636295318604, 0.34365639090538025, 0.33217853307724, 0.33597615361213684, 0.320043683052063, 0.3234490752220154, 0.31888630986213684, 0.3158435821533203, 0.29888248443603516, 0.25641191005706787, 0.2333410382270813, 0.17616026103496552, 0.17667332291603088, 0.19024275243282318, 0.1819295585155487], "learning_rate": [0.0010000000474974513, 0.0010000000474974513, 0.0010000000474974513, 0.0010000000474974513, 0.0010000000474974513, 0.0010000000474974513, 0.0010000000474974513, 0.0010000000474974513, 0.0010000000474974513, 0.0010000000474974513, 0.0010000000474974513, 0.0010000000474974513, 0.0010000000474974513, 0.0010000000474974513, 0.0010000000474974513, 0.0010000000474974513, 0.0010000000474974513, 0.0010000000474974513, 0.0010000000474974513, 0.0010000000474974513]}