{"accuracy": [0.7842592597007751, 0.800000011920929, 0.8777777552604675, 0.8583333492279053, 0.8861111402511597, 0.9342592358589172, 0.9351851940155029, 0.9527778029441833, 0.9481481313705444, 0.9342592358589172, 0.9509259462356567, 0.960185170173645, 0.9212962985038757, 0.9398148059844971, 0.9472222328186035], "loss": [0.45495009422302246, 0.3857964873313904, 0.29646655917167664, 0.29818248748779297, 0.21823985874652863, 0.15633107721805573, 0.15784955024719238, 0.12461772561073303, 0.1238693818449974, 0.1406361609697342, 0.12871970236301422, 0.10647274553775787, 0.16209249198436737, 0.13201215863227844, 0.1274838149547577], "val_accuracy": [0.7250000238418579, 0.7749999761581421, 0.6166666746139526, 0.8166666626930237, 0.9583333134651184, 0.9750000238418579, 0.925000011920929, 0.9833333492279053, 0.9833333492279053, 0.9416666626930237, 0.9666666388511658, 0.9750000238418579, 0.9666666388511658, 0.9166666865348816, 0.9750000238418579], "val_loss": [0.5678598880767822, 0.34984251856803894, 0.8339989185333252, 0.7571577429771423, 0.15005673468112946, 0.09394945204257965, 0.14118647575378418, 0.07754333317279816, 0.07780292630195618, 0.11381302773952484, 0.08576789498329163, 0.07119587063789368, 0.11181570589542389, 0.19509191811084747, 0.06907077133655548]}