{"accuracy": [0.779629647731781, 0.8509259223937988, 0.8425925970077515, 0.8518518805503845, 0.9055555462837219, 0.9333333373069763, 0.9388889074325562, 0.9416666626930237, 0.9435185194015503, 0.9481481313705444, 0.9546296000480652, 0.9527778029441833, 0.960185170173645, 0.9564814567565918, 0.9564814567565918], "loss": [0.4409859776496887, 0.31190305948257446, 0.35075151920318604, 0.2865372598171234, 0.20658810436725616, 0.1545376032590866, 0.13332220911979675, 0.12897658348083496, 0.12452152371406555, 0.11345387250185013, 0.11115125566720963, 0.10323180258274078, 0.09031394124031067, 0.09123112261295319, 0.09351646900177002], "val_accuracy": [0.7333333492279053, 0.8833333253860474, 0.824999988079071, 0.9083333611488342, 0.9416666626930237, 0.9666666388511658, 0.9583333134651184, 0.9750000238418579, 0.9666666388511658, 0.9666666388511658, 0.9666666388511658, 0.9583333134651184, 0.9750000238418579, 0.9833333492279053, 0.9750000238418579], "val_loss": [0.49116382002830505, 0.27505770325660706, 0.399305522441864, 0.2764955461025238, 0.17367155849933624, 0.10663101077079773, 0.10370121151208878, 0.0844794362783432, 0.08575940132141113, 0.08479297906160355, 0.07450469583272934, 0.09488000720739365, 0.06889166682958603, 0.06437364220619202, 0.05766326189041138]}