{"accuracy": [0.7518518567085266, 0.7462962865829468, 0.7666666507720947, 0.7759259343147278, 0.7972221970558167, 0.8092592358589172, 0.8194444179534912, 0.8287037014961243, 0.8222222328186035, 0.8277778029441833, 0.8314814567565918, 0.8314814567565918, 0.8296296000480652, 0.8425925970077515, 0.8685185313224792, 0.925000011920929, 0.9472222328186035, 0.9527778029441833, 0.9620370268821716, 0.9620370268821716], "loss": [0.48843616247177124, 0.4392246901988983, 0.42047107219696045, 0.40268054604530334, 0.390890896320343, 0.3790509104728699, 0.3731253743171692, 0.36546576023101807, 0.3584522306919098, 0.35331612825393677, 0.3488105833530426, 0.34502118825912476, 0.3399774432182312, 0.3158310353755951, 0.28615647554397583, 0.18902672827243805, 0.15969662368297577, 0.1522384136915207, 0.13693082332611084, 0.14373718202114105], "val_accuracy": [0.7833333611488342, 0.7833333611488342, 0.7916666865348816, 0.800000011920929, 0.800000011920929, 0.824999988079071, 0.8166666626930237, 0.8083333373069763, 0.8166666626930237, 0.8166666626930237, 0.824999988079071, 0.8333333134651184, 0.8333333134651184, 0.8083333373069763, 0.9166666865348816, 0.9416666626930237, 0.925000011920929, 0.9833333492279053, 0.9833333492279053, 0.9333333373069763], "val_loss": [0.41578808426856995, 0.4006388485431671, 0.3940085768699646, 0.3899981677532196, 0.3879164755344391, 0.3869272768497467, 0.38662251830101013, 0.3867276608943939, 0.3872765898704529, 0.3878958821296692, 0.387089341878891, 0.3850361406803131, 0.37989333271980286, 0.36826130747795105, 0.2346014827489853, 0.18743035197257996, 0.22345849871635437, 0.09902716428041458, 0.10822542756795883, 0.20663541555404663], "learning_rate": [0.0010000000474974513, 0.0010000000474974513, 0.0010000000474974513, 0.0010000000474974513, 0.0010000000474974513, 0.0010000000474974513, 0.0010000000474974513, 0.0010000000474974513, 0.0010000000474974513, 0.0010000000474974513, 0.0005000000237487257, 0.0005000000237487257, 0.0005000000237487257, 0.0005000000237487257, 0.0005000000237487257, 0.0005000000237487257, 0.0005000000237487257, 0.0005000000237487257, 0.0005000000237487257, 0.0005000000237487257]}