{"accuracy": [0.7231481671333313, 0.7675926089286804, 0.7722222208976746, 0.7944444417953491, 0.8046296238899231, 0.8083333373069763, 0.8240740895271301, 0.8157407641410828, 0.8277778029441833, 0.8240740895271301, 0.8212962746620178, 0.8203703761100769, 0.8166666626930237, 0.8259259462356567, 0.8203703761100769, 0.8194444179534912, 0.8231481313705444, 0.8324074149131775, 0.8231481313705444, 0.8138889074325562], "loss": [0.49852362275123596, 0.4201574921607971, 0.3908040225505829, 0.37424343824386597, 0.363252192735672, 0.3528091013431549, 0.34204062819480896, 0.34381574392318726, 0.33262038230895996, 0.34797918796539307, 0.33752790093421936, 0.32940810918807983, 0.34223759174346924, 0.32698261737823486, 0.3315405249595642, 0.33534112572669983, 0.32713305950164795, 0.3260834217071533, 0.3351926803588867, 0.33779194951057434], "val_accuracy": [0.7833333611488342, 0.7916666865348816, 0.8166666626930237, 0.800000011920929, 0.8083333373069763, 0.800000011920929, 0.7749999761581421, 0.7916666865348816, 0.7916666865348816, 0.800000011920929, 0.7749999761581421, 0.7833333611488342, 0.7916666865348816, 0.7916666865348816, 0.7916666865348816, 0.7916666865348816, 0.7916666865348816, 0.7916666865348816, 0.7916666865348816, 0.7916666865348816], "val_loss": [0.440977543592453, 0.3976007401943207, 0.38402310013771057, 0.38634273409843445, 0.38918399810791016, 0.39306017756462097, 0.39576828479766846, 0.3963913917541504, 0.3976212739944458, 0.3977148234844208, 0.39633530378341675, 0.39870133996009827, 0.3992959260940552, 0.3993486762046814, 0.39955511689186096, 0.3993924856185913, 0.3998105227947235, 0.4002685546875, 0.40018558502197266, 0.3997556269168854], "learning_rate": [0.0010000000474974513, 0.0010000000474974513, 0.0010000000474974513, 0.0010000000474974513, 0.0010000000474974513, 0.0010000000474974513, 0.0005000000237487257, 0.0005000000237487257, 0.0005000000237487257, 0.0002500000118743628, 0.0002500000118743628, 0.0002500000118743628, 0.0001250000059371814, 0.0001250000059371814, 0.0001250000059371814, 6.25000029685907e-05, 6.25000029685907e-05, 6.25000029685907e-05, 3.125000148429535e-05, 3.125000148429535e-05]}