{"accuracy": [0.8018518686294556, 0.770370364189148, 0.769444465637207, 0.7805555462837219, 0.7990740537643433, 0.8037037253379822, 0.8037037253379822, 0.8018518686294556, 0.8046296238899231, 0.8046296238899231, 0.8083333373069763, 0.8111110925674438, 0.8120370507240295, 0.8166666626930237, 0.8240740895271301, 0.8305555582046509, 0.8379629850387573, 0.8407407402992249, 0.8500000238418579, 0.8722222447395325], "loss": [0.49686431884765625, 0.430767297744751, 0.4115684926509857, 0.3958462178707123, 0.38206347823143005, 0.37161701917648315, 0.36228886246681213, 0.35692715644836426, 0.35148200392723083, 0.3471079170703888, 0.3439132273197174, 0.34131577610969543, 0.33737996220588684, 0.3346237540245056, 0.3315850794315338, 0.3274342715740204, 0.3206094205379486, 0.31153589487075806, 0.29859286546707153, 0.27358272671699524], "val_accuracy": [0.7916666865348816, 0.7666666507720947, 0.7666666507720947, 0.7916666865348816, 0.8083333373069763, 0.8166666626930237, 0.8166666626930237, 0.824999988079071, 0.8416666388511658, 0.8416666388511658, 0.8416666388511658, 0.8416666388511658, 0.8416666388511658, 0.8416666388511658, 0.8416666388511658, 0.8333333134651184, 0.8583333492279053, 0.8583333492279053, 0.8833333253860474, 0.8916666507720947], "val_loss": [0.4497542977333069, 0.42541828751564026, 0.4101250469684601, 0.3943960964679718, 0.38404932618141174, 0.3721865713596344, 0.3674609363079071, 0.36169326305389404, 0.35705870389938354, 0.3541586995124817, 0.35347384214401245, 0.3494032323360443, 0.3478972613811493, 0.3465256690979004, 0.3452850878238678, 0.3370923697948456, 0.32706648111343384, 0.318308025598526, 0.3037933111190796, 0.276724636554718], "learning_rate": [0.0010000000474974513, 0.0010000000474974513, 0.0010000000474974513, 0.0010000000474974513, 0.0010000000474974513, 0.0010000000474974513, 0.0010000000474974513, 0.0010000000474974513, 0.0010000000474974513, 0.0010000000474974513, 0.0010000000474974513, 0.0010000000474974513, 0.0010000000474974513, 0.0010000000474974513, 0.0010000000474974513, 0.0010000000474974513, 0.0010000000474974513, 0.0010000000474974513, 0.0010000000474974513, 0.0010000000474974513]}