{"accuracy": [0.6796296238899231, 0.7361111044883728, 0.7351852059364319, 0.7379629611968994, 0.7425925731658936, 0.7509258985519409, 0.7657407522201538, 0.7916666865348816, 0.8101851940155029, 0.8166666626930237, 0.7740740776062012, 0.8759258985519409, 0.9092592597007751, 0.9120370149612427, 0.9129629731178284, 0.9194444417953491, 0.9259259104728699, 0.9231481552124023, 0.9018518328666687, 0.9064815044403076], "loss": [0.6149113774299622, 0.4674818813800812, 0.444420725107193, 0.42634832859039307, 0.4106767475605011, 0.4007151126861572, 0.39100658893585205, 0.3826689124107361, 0.3755829334259033, 0.36896324157714844, 0.6367002129554749, 0.2907746434211731, 0.23324497044086456, 0.22873973846435547, 0.22737182676792145, 0.22795897722244263, 0.21080246567726135, 0.218832328915596, 0.25454792380332947, 0.2569442689418793], "val_accuracy": [0.7583333253860474, 0.7666666507720947, 0.7666666507720947, 0.7666666507720947, 0.7666666507720947, 0.7666666507720947, 0.7583333253860474, 0.7666666507720947, 0.8166666626930237, 0.8083333373069763, 0.7749999761581421, 0.8666666746139526, 0.9166666865348816, 0.9083333611488342, 0.925000011920929, 0.9416666626930237, 0.9416666626930237, 0.9750000238418579, 0.8833333253860474, 0.9750000238418579], "val_loss": [0.4850952923297882, 0.42488810420036316, 0.40834808349609375, 0.39419326186180115, 0.3836875855922699, 0.37460747361183167, 0.3659282624721527, 0.3594728410243988, 0.3532560467720032, 0.34652137756347656, 0.36298906803131104, 0.2775570750236511, 0.202503502368927, 0.21324339509010315, 0.19605085253715515, 0.1736520230770111, 0.16806523501873016, 0.11848989129066467, 0.2723901867866516, 0.1308584362268448], "learning_rate": [0.0010000000474974513, 0.0010000000474974513, 0.0010000000474974513, 0.0010000000474974513, 0.0010000000474974513, 0.0010000000474974513, 0.0010000000474974513, 0.0010000000474974513, 0.0010000000474974513, 0.0010000000474974513, 0.0010000000474974513, 0.0010000000474974513, 0.0010000000474974513, 0.0010000000474974513, 0.0010000000474974513, 0.0010000000474974513, 0.0010000000474974513, 0.0010000000474974513, 0.0010000000474974513, 0.0010000000474974513]}