{"accuracy": [0.7712963223457336, 0.8527777791023254, 0.8787037134170532, 0.8999999761581421, 0.9231481552124023, 0.9314814805984497, 0.9416666626930237, 0.9435185194015503, 0.9444444179534912, 0.9462962746620178, 0.949999988079071, 0.9490740895271301, 0.9277777671813965, 0.9453703761100769, 0.9481481313705444], "loss": [0.43672263622283936, 0.32544681429862976, 0.2241857796907425, 0.24896268546581268, 0.17621909081935883, 0.167704239487648, 0.14236722886562347, 0.1151232197880745, 0.11601731926202774, 0.10947547852993011, 0.11219113320112228, 0.11530555784702301, 0.13053622841835022, 0.11035563796758652, 0.11634965986013412], "val_accuracy": [0.7333333492279053, 0.675000011920929, 0.8916666507720947, 0.925000011920929, 0.9416666626930237, 0.9416666626930237, 0.949999988079071, 0.9416666626930237, 0.9666666388511658, 0.9750000238418579, 0.9750000238418579, 0.9333333373069763, 0.9666666388511658, 0.9583333134651184, 0.9166666865348816], "val_loss": [0.4880298972129822, 0.5865576863288879, 0.22898635268211365, 0.19309693574905396, 0.17032837867736816, 0.1412656456232071, 0.1067652702331543, 0.10526841133832932, 0.09412969648838043, 0.06451358646154404, 0.07622124999761581, 0.1164439246058464, 0.08800354599952698, 0.08299148827791214, 0.14725810289382935]}