{"accuracy": [0.779629647731781, 0.8435184955596924, 0.8564814925193787, 0.8685185313224792, 0.9212962985038757, 0.9481481313705444, 0.9509259462356567, 0.8814814686775208, 0.9546296000480652, 0.949999988079071, 0.9611111283302307, 0.9555555582046509, 0.9574074149131775, 0.9583333134651184, 0.9657407402992249], "loss": [0.4643435478210449, 0.34875574707984924, 0.29306384921073914, 0.24958908557891846, 0.19346441328525543, 0.11776494979858398, 0.13272209465503693, 0.22363996505737305, 0.12265511602163315, 0.11564533412456512, 0.10575971007347107, 0.09497123211622238, 0.11066661030054092, 0.10038822144269943, 0.0883270651102066], "val_accuracy": [0.6666666865348816, 0.8833333253860474, 0.8833333253860474, 0.8999999761581421, 0.9166666865348816, 0.9166666865348816, 0.8916666507720947, 0.925000011920929, 0.9416666626930237, 0.9583333134651184, 0.949999988079071, 0.9583333134651184, 0.9666666388511658, 0.9416666626930237, 0.9583333134651184], "val_loss": [0.5834742188453674, 0.28455308079719543, 0.25305408239364624, 0.2057308852672577, 0.14257223904132843, 0.14503803849220276, 0.22717612981796265, 0.1613484025001526, 0.11437562853097916, 0.11684144288301468, 0.10844174772500992, 0.1406262367963791, 0.08943616598844528, 0.1439218819141388, 0.0793323889374733]}