{"accuracy": [0.5675926208496094, 0.7416666746139526, 0.7370370626449585, 0.739814817905426, 0.7472222447395325, 0.7638888955116272, 0.7805555462837219, 0.7935185432434082, 0.8092592358589172, 0.8185185194015503, 0.8222222328186035, 0.824999988079071, 0.8268518447875977, 0.824999988079071, 0.8296296000480652, 0.8296296000480652, 0.8314814567565918, 0.8296296000480652, 0.8314814567565918, 0.8361111283302307], "loss": [0.8287832140922546, 0.473606139421463, 0.44603636860847473, 0.4291568398475647, 0.4147385060787201, 0.40151306986808777, 0.3898773789405823, 0.3795575797557831, 0.37066301703453064, 0.3634862005710602, 0.3577997088432312, 0.3523586094379425, 0.3478103280067444, 0.3442062437534332, 0.3414958715438843, 0.3383486568927765, 0.33511069416999817, 0.33211129903793335, 0.32862743735313416, 0.32323023676872253], "val_accuracy": [0.7583333253860474, 0.7083333134651184, 0.7166666388511658, 0.7250000238418579, 0.7416666746139526, 0.75, 0.7749999761581421, 0.7916666865348816, 0.800000011920929, 0.8083333373069763, 0.8166666626930237, 0.8166666626930237, 0.8166666626930237, 0.8166666626930237, 0.8166666626930237, 0.8083333373069763, 0.8083333373069763, 0.8083333373069763, 0.8333333134651184, 0.8666666746139526], "val_loss": [0.5251915454864502, 0.4778152406215668, 0.4526340067386627, 0.4329240620136261, 0.41526585817337036, 0.40033307671546936, 0.38663989305496216, 0.3740611970424652, 0.36365145444869995, 0.3571699857711792, 0.34940555691719055, 0.3429195284843445, 0.3391459882259369, 0.3370891213417053, 0.3344983458518982, 0.33041828870773315, 0.3273797631263733, 0.3225073218345642, 0.31595849990844727, 0.30174195766448975], "learning_rate": [0.0010000000474974513, 0.0010000000474974513, 0.0010000000474974513, 0.0010000000474974513, 0.0010000000474974513, 0.0010000000474974513, 0.0010000000474974513, 0.0010000000474974513, 0.0010000000474974513, 0.0010000000474974513, 0.0010000000474974513, 0.0010000000474974513, 0.0010000000474974513, 0.0010000000474974513, 0.0010000000474974513, 0.0010000000474974513, 0.0010000000474974513, 0.0010000000474974513, 0.0010000000474974513, 0.0010000000474974513]}