{"accuracy": [0.7527777552604675, 0.8305555582046509, 0.8675925731658936, 0.8731481432914734, 0.8925926089286804, 0.8907407522201538, 0.8962963223457336, 0.9212962985038757, 0.9185185432434082, 0.925000011920929, 0.9425926208496094, 0.9407407641410828, 0.9370370507240295, 0.960185170173645, 0.9638888835906982, 0.9694444537162781, 0.9685184955596924, 0.9629629850387573, 0.9685184955596924, 0.9638888835906982], "loss": [0.5240556597709656, 0.38094618916511536, 0.3097105026245117, 0.293170690536499, 0.24788841605186462, 0.2379836142063141, 0.23915651440620422, 0.1853463500738144, 0.17286185920238495, 0.16420815885066986, 0.13971588015556335, 0.13940903544425964, 0.13363860547542572, 0.09624236822128296, 0.09183467924594879, 0.0779762864112854, 0.081175297498703, 0.09294810146093369, 0.08132478594779968, 0.10124317556619644], "val_accuracy": [0.800000011920929, 0.824999988079071, 0.8416666388511658, 0.8666666746139526, 0.8666666746139526, 0.875, 0.8916666507720947, 0.9166666865348816, 0.9166666865348816, 0.925000011920929, 0.9416666626930237, 0.925000011920929, 0.9333333373069763, 0.9583333134651184, 0.9833333492279053, 0.9833333492279053, 0.9833333492279053, 0.949999988079071, 0.9833333492279053, 0.9583333134651184], "val_loss": [0.45825496315956116, 0.37048906087875366, 0.32935473322868347, 0.2930160164833069, 0.255768358707428, 0.24480397999286652, 0.19922392070293427, 0.1583479940891266, 0.15860719978809357, 0.14168742299079895, 0.13332781195640564, 0.15007013082504272, 0.11029072105884552, 0.10242172330617905, 0.07458282262086868, 0.06608046591281891, 0.05638362467288971, 0.12319900095462799, 0.1611943244934082, 0.08105321228504181], "learning_rate": [0.0010000000474974513, 0.0010000000474974513, 0.0010000000474974513, 0.0010000000474974513, 0.0010000000474974513, 0.0010000000474974513, 0.0010000000474974513, 0.0010000000474974513, 0.0010000000474974513, 0.0010000000474974513, 0.0010000000474974513, 0.0010000000474974513, 0.0010000000474974513, 0.0010000000474974513, 0.0010000000474974513, 0.0010000000474974513, 0.0010000000474974513, 0.0010000000474974513, 0.0010000000474974513, 0.0010000000474974513]}