{"accuracy": [0.7972221970558167, 0.8388888835906982, 0.8601852059364319, 0.8620370626449585, 0.8824074268341064, 0.9083333611488342, 0.9222221970558167, 0.9351851940155029, 0.9509259462356567, 0.9546296000480652, 0.9592592716217041, 0.970370352268219, 0.9657407402992249, 0.9712963104248047, 0.9777777791023254, 0.9824073910713196, 0.9768518805503845, 0.980555534362793, 0.979629635810852, 0.9833333492279053], "loss": [0.46520763635635376, 0.34892717003822327, 0.298615038394928, 0.29106390476226807, 0.25545021891593933, 0.19917215406894684, 0.15561087429523468, 0.1350150853395462, 0.11507444083690643, 0.10761254280805588, 0.09361960738897324, 0.08509308099746704, 0.08966396003961563, 0.07842205464839935, 0.06703566014766693, 0.06011948734521866, 0.0687154084444046, 0.05843553692102432, 0.05544164404273033, 0.04577018320560455], "val_accuracy": [0.75, 0.8416666388511658, 0.824999988079071, 0.8416666388511658, 0.8583333492279053, 0.925000011920929, 0.8666666746139526, 0.949999988079071, 0.9666666388511658, 0.9750000238418579, 0.9666666388511658, 0.9666666388511658, 0.9833333492279053, 0.9833333492279053, 0.9833333492279053, 0.9833333492279053, 0.9750000238418579, 0.9750000238418579, 0.9333333373069763, 0.9750000238418579], "val_loss": [0.49863192439079285, 0.3662170171737671, 0.3503555357456207, 0.3297000825405121, 0.26505276560783386, 0.1782977432012558, 0.20221351087093353, 0.11165105551481247, 0.11937315762042999, 0.09280963987112045, 0.08533186465501785, 0.09833930432796478, 0.0590486116707325, 0.05114777013659477, 0.05511745065450668, 0.05015360563993454, 0.055423956364393234, 0.0660397857427597, 0.14273081719875336, 0.053130507469177246], "learning_rate": [0.0010000000474974513, 0.0010000000474974513, 0.0010000000474974513, 0.0010000000474974513, 0.0010000000474974513, 0.0010000000474974513, 0.0010000000474974513, 0.0010000000474974513, 0.0010000000474974513, 0.0010000000474974513, 0.0010000000474974513, 0.0010000000474974513, 0.0010000000474974513, 0.0010000000474974513, 0.0010000000474974513, 0.0010000000474974513, 0.0010000000474974513, 0.0010000000474974513, 0.0010000000474974513, 0.0005000000237487257]}