{"accuracy": [0.7722222208976746, 0.8620370626449585, 0.8759258985519409, 0.8888888955116272, 0.9268518686294556, 0.9398148059844971, 0.9398148059844971, 0.9518518447875977, 0.9425926208496094, 0.9407407641410828, 0.9527778029441833, 0.9435185194015503, 0.9435185194015503, 0.9564814567565918, 0.9537037014961243], "loss": [0.4746072292327881, 0.3308856189250946, 0.2825116813182831, 0.24898011982440948, 0.17801421880722046, 0.14785775542259216, 0.12973515689373016, 0.1192145049571991, 0.1304522454738617, 0.12958508729934692, 0.10306844860315323, 0.12647326290607452, 0.15016569197177887, 0.1351337879896164, 0.13681292533874512], "val_accuracy": [0.824999988079071, 0.8166666626930237, 0.8833333253860474, 0.9166666865348816, 0.9333333373069763, 0.875, 0.949999988079071, 0.9166666865348816, 0.8833333253860474, 0.9333333373069763, 0.9166666865348816, 0.9166666865348816, 0.9583333134651184, 0.949999988079071, 0.9333333373069763], "val_loss": [0.3795170783996582, 0.3252054750919342, 0.2328014075756073, 0.2039172500371933, 0.15993504226207733, 0.1806877702474594, 0.13084642589092255, 0.15617889165878296, 0.17168274521827698, 0.14381398260593414, 0.16815419495105743, 0.1839229315519333, 0.17886494100093842, 0.17424650490283966, 0.20242977142333984]}