{"accuracy": [0.7916666865348816, 0.8361111283302307, 0.8425925970077515, 0.8620370626449585, 0.8722222447395325, 0.8898147940635681, 0.914814829826355, 0.9175925850868225, 0.9157407283782959, 0.9240740537643433, 0.9287037253379822, 0.9546296000480652, 0.949999988079071, 0.9462962746620178, 0.9527778029441833, 0.9648148417472839, 0.9685184955596924, 0.9675925970077515, 0.9685184955596924, 0.9712963104248047], "loss": [0.44829344749450684, 0.37142303586006165, 0.3322419226169586, 0.2979547679424286, 0.26568683981895447, 0.2696508765220642, 0.20049187541007996, 0.20301727950572968, 0.1699938178062439, 0.15997841954231262, 0.1588011533021927, 0.12850479781627655, 0.1345391720533371, 0.13376887142658234, 0.1117023155093193, 0.0979374572634697, 0.08192558586597443, 0.0720025822520256, 0.0765780583024025, 0.07013668119907379], "val_accuracy": [0.7916666865348816, 0.8333333134651184, 0.8583333492279053, 0.824999988079071, 0.8500000238418579, 0.875, 0.8916666507720947, 0.925000011920929, 0.8833333253860474, 0.9166666865348816, 0.925000011920929, 0.925000011920929, 0.925000011920929, 0.9333333373069763, 0.9416666626930237, 0.9333333373069763, 0.9416666626930237, 0.9416666626930237, 0.949999988079071, 0.9416666626930237], "val_loss": [0.41544538736343384, 0.34649813175201416, 0.3112891912460327, 0.3110577166080475, 0.3148636519908905, 0.219278484582901, 0.17851784825325012, 0.17849823832511902, 0.17326244711875916, 0.14374884963035583, 0.15428464114665985, 0.19096964597702026, 0.18765923380851746, 0.140183225274086, 0.1424294114112854, 0.14713144302368164, 0.15041860938072205, 0.11031448841094971, 0.11662275344133377, 0.11630398780107498], "learning_rate": [0.0010000000474974513, 0.0010000000474974513, 0.0010000000474974513, 0.0010000000474974513, 0.0010000000474974513, 0.0010000000474974513, 0.0010000000474974513, 0.0010000000474974513, 0.0010000000474974513, 0.0010000000474974513, 0.0010000000474974513, 0.0010000000474974513, 0.0010000000474974513, 0.0005000000237487257, 0.0005000000237487257, 0.0005000000237487257, 0.0005000000237487257, 0.0002500000118743628, 0.0002500000118743628, 0.0002500000118743628]}