{"accuracy": [0.7888888716697693, 0.7787036895751953, 0.8657407164573669, 0.8722222447395325, 0.9027777910232544, 0.9222221970558167, 0.9388889074325562, 0.9175925850868225, 0.9472222328186035, 0.9509259462356567, 0.9518518447875977, 0.9527778029441833, 0.9518518447875977, 0.9574074149131775, 0.9611111283302307], "loss": [0.45485857129096985, 0.44517892599105835, 0.3076407313346863, 0.2822566032409668, 0.19894826412200928, 0.15991245210170746, 0.14297187328338623, 0.20611639320850372, 0.12299641966819763, 0.11466578394174576, 0.1209367960691452, 0.11365392804145813, 0.1086081713438034, 0.10264429450035095, 0.09067118167877197], "val_accuracy": [0.7416666746139526, 0.8416666388511658, 0.8833333253860474, 0.8583333492279053, 0.949999988079071, 0.9833333492279053, 0.9583333134651184, 0.9666666388511658, 0.9750000238418579, 0.9750000238418579, 0.9666666388511658, 0.9750000238418579, 0.9750000238418579, 0.9916666746139526, 0.9833333492279053], "val_loss": [0.5016883015632629, 0.35175982117652893, 0.27331867814064026, 0.24715551733970642, 0.14218531548976898, 0.11796415597200394, 0.12099898606538773, 0.16808278858661652, 0.09977591782808304, 0.081403449177742, 0.11079420894384384, 0.09858410805463791, 0.093868687748909, 0.08138956129550934, 0.06794355064630508]}