{"accuracy": [0.7620370388031006, 0.845370352268219, 0.8796296119689941, 0.9027777910232544, 0.9361110925674438, 0.9416666626930237, 0.9277777671813965, 0.925000011920929, 0.9527778029441833, 0.9518518447875977, 0.9620370268821716, 0.9509259462356567, 0.9611111283302307, 0.9574074149131775, 0.960185170173645], "loss": [0.4773677587509155, 0.3631065785884857, 0.2534322738647461, 0.19587987661361694, 0.1355663388967514, 0.12724344432353973, 0.1638282984495163, 0.14420759677886963, 0.11043200641870499, 0.11070834845304489, 0.0960688665509224, 0.13108573853969574, 0.09788674861192703, 0.10167495161294937, 0.09321154654026031], "val_accuracy": [0.7916666865348816, 0.9083333611488342, 0.8416666388511658, 0.8916666507720947, 0.8916666507720947, 0.9083333611488342, 0.9166666865348816, 0.9333333373069763, 0.9166666865348816, 0.9416666626930237, 0.9333333373069763, 0.9416666626930237, 0.9416666626930237, 0.9416666626930237, 0.9333333373069763], "val_loss": [0.40763339400291443, 0.26559722423553467, 0.31052830815315247, 0.1987699419260025, 0.15768948197364807, 0.18855182826519012, 0.1728769987821579, 0.12669441103935242, 0.13776148855686188, 0.12862204015254974, 0.11116072535514832, 0.11222456395626068, 0.11102940142154694, 0.10535158962011337, 0.1514684408903122]}