{"accuracy": [0.7824074029922485, 0.7990740537643433, 0.8564814925193787, 0.9129629731178284, 0.9203703999519348, 0.9305555820465088, 0.9342592358589172, 0.9490740895271301, 0.9435185194015503, 0.9444444179534912, 0.9435185194015503, 0.9490740895271301, 0.9509259462356567, 0.9518518447875977, 0.9361110925674438], "loss": [0.43231773376464844, 0.39852240681648254, 0.30660346150398254, 0.21111580729484558, 0.19521337747573853, 0.15525594353675842, 0.15850211679935455, 0.14634732902050018, 0.1419886201620102, 0.13016152381896973, 0.1226455569267273, 0.11430275440216064, 0.1211223155260086, 0.11610667407512665, 0.1371801644563675], "val_accuracy": [0.7749999761581421, 0.800000011920929, 0.824999988079071, 0.9166666865348816, 0.949999988079071, 0.8666666746139526, 0.9416666626930237, 0.8916666507720947, 0.9416666626930237, 0.9750000238418579, 0.9666666388511658, 0.9750000238418579, 0.9583333134651184, 0.9666666388511658, 0.9083333611488342], "val_loss": [0.4485645294189453, 0.38235747814178467, 0.2911472022533417, 0.18596820533275604, 0.1526820957660675, 0.23046745359897614, 0.13572965562343597, 0.1594919115304947, 0.12918351590633392, 0.07663200795650482, 0.09650513529777527, 0.12704329192638397, 0.09677694737911224, 0.09861183166503906, 0.18205304443836212]}