{"accuracy": [0.7749999761581421, 0.8407407402992249, 0.8370370268821716, 0.8398148417472839, 0.9037036895751953, 0.9194444417953491, 0.9388889074325562, 0.9305555820465088, 0.9435185194015503, 0.9527778029441833, 0.9444444179534912, 0.9555555582046509, 0.9527778029441833, 0.9444444179534912, 0.9527778029441833], "loss": [0.44535592198371887, 0.35044974088668823, 0.33885329961776733, 0.3234277665615082, 0.22850655019283295, 0.1682506948709488, 0.14203883707523346, 0.14741365611553192, 0.14685045182704926, 0.1326521635055542, 0.13233251869678497, 0.11676105111837387, 0.12160048633813858, 0.15188118815422058, 0.12306664139032364], "val_accuracy": [0.7083333134651184, 0.8500000238418579, 0.7749999761581421, 0.8583333492279053, 0.925000011920929, 0.8999999761581421, 0.9583333134651184, 0.9333333373069763, 0.949999988079071, 0.9416666626930237, 0.9583333134651184, 0.949999988079071, 0.925000011920929, 0.9583333134651184, 0.949999988079071], "val_loss": [0.5648918747901917, 0.31637459993362427, 0.37156856060028076, 0.24129430949687958, 0.17260612547397614, 0.16207832098007202, 0.1216786727309227, 0.16291755437850952, 0.12296272069215775, 0.1348828375339508, 0.13160322606563568, 0.12055336683988571, 0.15435791015625, 0.12982313334941864, 0.1227971687912941]}