{"accuracy": [0.7638888955116272, 0.8379629850387573, 0.8685185313224792, 0.8888888955116272, 0.8407407402992249, 0.8166666626930237, 0.8361111283302307, 0.8537036776542664, 0.8731481432914734, 0.8814814686775208, 0.8638888597488403, 0.9175925850868225, 0.9222221970558167, 0.925000011920929, 0.9379629492759705], "loss": [0.43720749020576477, 0.36361244320869446, 0.2974280118942261, 0.26220250129699707, 0.31589004397392273, 0.34239113330841064, 0.32342323660850525, 0.3074442744255066, 0.2698555290699005, 0.24737463891506195, 0.27433183789253235, 0.18641972541809082, 0.16823765635490417, 0.17588040232658386, 0.1570393294095993], "val_accuracy": [0.675000011920929, 0.8500000238418579, 0.8666666746139526, 0.8166666626930237, 0.824999988079071, 0.8500000238418579, 0.8500000238418579, 0.8666666746139526, 0.875, 0.8833333253860474, 0.8833333253860474, 0.949999988079071, 0.9583333134651184, 0.9750000238418579, 0.9666666388511658], "val_loss": [0.5327125787734985, 0.31331998109817505, 0.24679119884967804, 0.42764630913734436, 0.34527143836021423, 0.31063398718833923, 0.3146424889564514, 0.27052658796310425, 0.22864815592765808, 0.25933417677879333, 0.24098721146583557, 0.1475411057472229, 0.11136686056852341, 0.11160606890916824, 0.08481545746326447]}