{"accuracy": [0.8018518686294556, 0.855555534362793, 0.8740741014480591, 0.8925926089286804, 0.9314814805984497, 0.9555555582046509, 0.9398148059844971, 0.9555555582046509, 0.9648148417472839, 0.9583333134651184, 0.9518518447875977, 0.9472222328186035, 0.9462962746620178, 0.960185170173645, 0.9592592716217041], "loss": [0.41548311710357666, 0.32538872957229614, 0.267803430557251, 0.21484510600566864, 0.15357504785060883, 0.11524462699890137, 0.14033325016498566, 0.10725817084312439, 0.08706950396299362, 0.09212218970060349, 0.10785399377346039, 0.13160920143127441, 0.12340904772281647, 0.1119813323020935, 0.10380759835243225], "val_accuracy": [0.7416666746139526, 0.8166666626930237, 0.8916666507720947, 0.8166666626930237, 0.9833333492279053, 0.949999988079071, 0.9750000238418579, 0.9750000238418579, 0.9916666746139526, 0.9750000238418579, 0.9333333373069763, 0.949999988079071, 0.949999988079071, 0.9583333134651184, 0.9333333373069763], "val_loss": [0.511500895023346, 0.3815392851829529, 0.24841457605361938, 0.32432740926742554, 0.117131307721138, 0.1029292494058609, 0.10533728450536728, 0.07895734906196594, 0.06460754573345184, 0.08946695923805237, 0.14003628492355347, 0.12561437487602234, 0.12539932131767273, 0.11934018135070801, 0.1128823310136795]}