{"accuracy": [0.7083333134651184, 0.7953703999519348, 0.7953703999519348, 0.7935185432434082, 0.800000011920929, 0.8203703761100769, 0.7972221970558167, 0.8083333373069763, 0.8064814805984497, 0.8120370507240295, 0.8287037014961243, 0.8203703761100769, 0.8231481313705444, 0.8342592716217041, 0.8324074149131775, 0.8231481313705444, 0.8361111283302307, 0.8324074149131775, 0.8490740656852722, 0.845370352268219], "loss": [0.5265680551528931, 0.38885319232940674, 0.3667852282524109, 0.35997965931892395, 0.3522862195968628, 0.3372994065284729, 0.34166598320007324, 0.33303943276405334, 0.33628958463668823, 0.31905293464660645, 0.31584078073501587, 0.31749123334884644, 0.31654536724090576, 0.31141090393066406, 0.30934494733810425, 0.31636926531791687, 0.31198200583457947, 0.30157607793807983, 0.29463163018226624, 0.29677021503448486], "val_accuracy": [0.8166666626930237, 0.7583333253860474, 0.8083333373069763, 0.8166666626930237, 0.8166666626930237, 0.8166666626930237, 0.8333333134651184, 0.8333333134651184, 0.8666666746139526, 0.8500000238418579, 0.8583333492279053, 0.8666666746139526, 0.8333333134651184, 0.8416666388511658, 0.824999988079071, 0.8416666388511658, 0.8416666388511658, 0.8333333134651184, 0.8333333134651184, 0.8416666388511658], "val_loss": [0.440105140209198, 0.41522878408432007, 0.3684941530227661, 0.3582567274570465, 0.35248491168022156, 0.34748873114585876, 0.34296128153800964, 0.34047621488571167, 0.33776727318763733, 0.3373534083366394, 0.334524542093277, 0.33134251832962036, 0.33582478761672974, 0.3347336947917938, 0.3391498029232025, 0.3357430696487427, 0.33478909730911255, 0.33354881405830383, 0.3310146927833557, 0.3272358477115631], "learning_rate": [0.0010000000474974513, 0.0010000000474974513, 0.0010000000474974513, 0.0010000000474974513, 0.0010000000474974513, 0.0010000000474974513, 0.0010000000474974513, 0.0010000000474974513, 0.0010000000474974513, 0.0010000000474974513, 0.0010000000474974513, 0.0010000000474974513, 0.0010000000474974513, 0.0010000000474974513, 0.0010000000474974513, 0.0005000000237487257, 0.0005000000237487257, 0.0005000000237487257, 0.0002500000118743628, 0.0002500000118743628]}