{"accuracy": [0.7555555701255798, 0.8472222089767456, 0.8722222447395325, 0.7944444417953491, 0.8657407164573669, 0.8972222208976746, 0.9509259462356567, 0.9305555820465088, 0.949999988079071, 0.960185170173645, 0.9583333134651184, 0.9574074149131775, 0.9546296000480652, 0.9638888835906982, 0.9638888835906982], "loss": [0.47836342453956604, 0.3401220142841339, 0.2902756631374359, 0.42297014594078064, 0.2922828793525696, 0.23864269256591797, 0.1489477902650833, 0.15910951793193817, 0.12300898134708405, 0.10743987560272217, 0.10623154044151306, 0.09379817545413971, 0.10364650189876556, 0.09608803689479828, 0.0940798670053482], "val_accuracy": [0.7916666865348816, 0.8583333492279053, 0.8583333492279053, 0.824999988079071, 0.8416666388511658, 0.875, 0.8999999761581421, 0.925000011920929, 0.8916666507720947, 0.925000011920929, 0.9333333373069763, 0.9416666626930237, 0.925000011920929, 0.925000011920929, 0.9166666865348816], "val_loss": [0.41113752126693726, 0.29707273840904236, 0.28233057260513306, 0.32088083028793335, 0.2645615339279175, 0.22548571228981018, 0.14542807638645172, 0.1528797745704651, 0.15234537422657013, 0.13131557404994965, 0.1311430186033249, 0.13695314526557922, 0.12785452604293823, 0.15772645175457, 0.13764068484306335]}