{"accuracy": [0.7666666507720947, 0.8361111283302307, 0.8657407164573669, 0.8666666746139526, 0.8907407522201538, 0.9314814805984497, 0.9490740895271301, 0.9370370507240295, 0.9370370507240295, 0.9361110925674438, 0.9629629850387573, 0.9768518805503845, 0.9750000238418579, 0.9722222089767456, 0.9768518805503845], "loss": [0.4716198742389679, 0.36232197284698486, 0.2866092324256897, 0.27187380194664, 0.2194644957780838, 0.14303019642829895, 0.11901555955410004, 0.12763114273548126, 0.13742724061012268, 0.140700101852417, 0.0990900993347168, 0.07420524954795837, 0.07194157689809799, 0.07692798972129822, 0.05759374797344208], "val_accuracy": [0.8583333492279053, 0.9166666865348816, 0.925000011920929, 0.8999999761581421, 0.9166666865348816, 0.949999988079071, 0.949999988079071, 0.8999999761581421, 0.9416666626930237, 0.925000011920929, 0.9583333134651184, 0.9750000238418579, 0.9666666388511658, 0.9583333134651184, 0.9750000238418579], "val_loss": [0.36137449741363525, 0.2455940544605255, 0.20690590143203735, 0.21288850903511047, 0.1765526831150055, 0.09299000352621078, 0.10676458477973938, 0.15987491607666016, 0.1256289929151535, 0.13040418922901154, 0.0860322043299675, 0.06635512411594391, 0.0838015154004097, 0.08780792355537415, 0.052613768726587296]}