{"accuracy": [0.7962962985038757, 0.8509259223937988, 0.8537036776542664, 0.8685185313224792, 0.8777777552604675, 0.9222221970558167, 0.9111111164093018, 0.9203703999519348, 0.9324073791503906, 0.9546296000480652, 0.9425926208496094, 0.9537037014961243, 0.9629629850387573, 0.9555555582046509, 0.9472222328186035], "loss": [0.4350055158138275, 0.3222379982471466, 0.2908664047718048, 0.274848073720932, 0.23995397984981537, 0.18511006236076355, 0.1840849667787552, 0.16852669417858124, 0.1592784821987152, 0.1063256487250328, 0.13493528962135315, 0.09928769618272781, 0.09402556717395782, 0.116705022752285, 0.12547309696674347], "val_accuracy": [0.7666666507720947, 0.7916666865348816, 0.8416666388511658, 0.824999988079071, 0.8500000238418579, 0.9166666865348816, 0.9333333373069763, 0.8999999761581421, 0.9416666626930237, 0.9583333134651184, 0.9416666626930237, 0.9666666388511658, 0.9750000238418579, 0.9166666865348816, 0.9166666865348816], "val_loss": [0.4389665722846985, 0.36254531145095825, 0.3137389123439789, 0.3125734329223633, 0.2642161548137665, 0.17077499628067017, 0.15200954675674438, 0.16872507333755493, 0.13060930371284485, 0.07825674116611481, 0.10538193583488464, 0.07487637549638748, 0.0732278972864151, 0.16662074625492096, 0.20456533133983612]}