{"accuracy": [0.7888888716697693, 0.8564814925193787, 0.8666666746139526, 0.8592592477798462, 0.895370364189148, 0.9351851940155029, 0.9268518686294556, 0.9370370507240295, 0.9314814805984497, 0.9462962746620178, 0.9425926208496094, 0.949999988079071, 0.9444444179534912, 0.949999988079071, 0.9564814567565918], "loss": [0.45241671800613403, 0.3395857512950897, 0.2724289894104004, 0.27959564328193665, 0.2145240306854248, 0.16851945221424103, 0.15071390569210052, 0.13651558756828308, 0.15879298746585846, 0.15792955458164215, 0.13526825606822968, 0.1192011907696724, 0.11630622297525406, 0.11217430979013443, 0.10839397460222244], "val_accuracy": [0.7916666865348816, 0.7583333253860474, 0.8583333492279053, 0.8583333492279053, 0.9666666388511658, 0.9666666388511658, 0.9416666626930237, 0.9916666746139526, 0.9750000238418579, 0.949999988079071, 0.949999988079071, 0.9750000238418579, 0.9666666388511658, 0.9750000238418579, 0.9666666388511658], "val_loss": [0.4330023527145386, 0.40798893570899963, 0.289046972990036, 0.29916515946388245, 0.1430073082447052, 0.14904223382472992, 0.12476761639118195, 0.11016736179590225, 0.10734456032514572, 0.12051641196012497, 0.12330087274312973, 0.10921643674373627, 0.08652562648057938, 0.06116875633597374, 0.06854233145713806]}