{"accuracy": [0.770370364189148, 0.789814829826355, 0.8324074149131775, 0.8518518805503845, 0.8777777552604675, 0.8898147940635681, 0.8861111402511597, 0.8722222447395325, 0.9018518328666687, 0.9351851940155029, 0.9425926208496094, 0.9546296000480652, 0.9518518447875977, 0.960185170173645, 0.9666666388511658], "loss": [0.45826455950737, 0.41482287645339966, 0.3534979522228241, 0.31193065643310547, 0.26475775241851807, 0.23913893103599548, 0.23749418556690216, 0.2652546763420105, 0.2106989473104477, 0.14524587988853455, 0.13080179691314697, 0.10551676154136658, 0.10145833343267441, 0.09399403631687164, 0.0887608528137207], "val_accuracy": [0.6666666865348816, 0.824999988079071, 0.8083333373069763, 0.8083333373069763, 0.8500000238418579, 0.7916666865348816, 0.8416666388511658, 0.8500000238418579, 0.875, 0.949999988079071, 0.9583333134651184, 0.9583333134651184, 0.9666666388511658, 0.949999988079071, 0.8916666507720947], "val_loss": [0.5763827562332153, 0.3913291394710541, 0.3655261695384979, 0.34949052333831787, 0.32306942343711853, 0.5826835632324219, 0.2872214615345001, 0.2644745409488678, 0.21090036630630493, 0.12034902721643448, 0.11468899995088577, 0.10360639542341232, 0.10368520766496658, 0.09978706389665604, 0.195705384016037]}