{"accuracy": [0.7370370626449585, 0.7592592835426331, 0.7749999761581421, 0.7833333611488342, 0.7879629731178284, 0.8175926208496094, 0.7972221970558167, 0.8138889074325562, 0.8046296238899231, 0.8074073791503906, 0.8138889074325562, 0.8203703761100769, 0.8166666626930237, 0.8222222328186035, 0.824999988079071, 0.8296296000480652, 0.8240740895271301, 0.8333333134651184, 0.8314814567565918, 0.8361111283302307], "loss": [0.5040865540504456, 0.44196635484695435, 0.4132610261440277, 0.3915446102619171, 0.37677621841430664, 0.3602921664714813, 0.3568875193595886, 0.35111403465270996, 0.35996320843696594, 0.34440720081329346, 0.335247278213501, 0.33382606506347656, 0.3366687595844269, 0.3248176574707031, 0.330791711807251, 0.3228646218776703, 0.32237961888313293, 0.31330811977386475, 0.33038896322250366, 0.31656429171562195], "val_accuracy": [0.75, 0.7583333253860474, 0.800000011920929, 0.800000011920929, 0.7916666865348816, 0.800000011920929, 0.7833333611488342, 0.800000011920929, 0.800000011920929, 0.8083333373069763, 0.7916666865348816, 0.800000011920929, 0.800000011920929, 0.800000011920929, 0.8166666626930237, 0.800000011920929, 0.824999988079071, 0.800000011920929, 0.800000011920929, 0.800000011920929], "val_loss": [0.47631269693374634, 0.4293162524700165, 0.3882022202014923, 0.3654756546020508, 0.34717777371406555, 0.3392583131790161, 0.3357079327106476, 0.33626291155815125, 0.332063764333725, 0.32590803503990173, 0.3237781524658203, 0.328124076128006, 0.321172833442688, 0.320353239774704, 0.32612115144729614, 0.31876328587532043, 0.3300713002681732, 0.3138881325721741, 0.3162212073802948, 0.3130163252353668], "learning_rate": [0.0010000000474974513, 0.0010000000474974513, 0.0010000000474974513, 0.0010000000474974513, 0.0010000000474974513, 0.0010000000474974513, 0.0010000000474974513, 0.0010000000474974513, 0.0010000000474974513, 0.0010000000474974513, 0.0010000000474974513, 0.0010000000474974513, 0.0010000000474974513, 0.0010000000474974513, 0.0010000000474974513, 0.0010000000474974513, 0.0010000000474974513, 0.0010000000474974513, 0.0010000000474974513, 0.0010000000474974513]}