{"accuracy": [0.7166666388511658, 0.7685185074806213, 0.789814829826355, 0.7990740537643433, 0.8138889074325562, 0.8009259104728699, 0.8074073791503906, 0.8120370507240295, 0.8138889074325562, 0.8111110925674438, 0.8138889074325562, 0.8185185194015503, 0.8259259462356567, 0.8231481313705444, 0.8203703761100769, 0.8231481313705444, 0.8277778029441833, 0.8277778029441833, 0.8370370268821716, 0.8398148417472839], "loss": [0.5315965414047241, 0.4416256546974182, 0.4027414619922638, 0.37692534923553467, 0.37752363085746765, 0.3707870841026306, 0.3610139489173889, 0.35685333609580994, 0.3469267189502716, 0.33648866415023804, 0.3475557565689087, 0.331608384847641, 0.33432334661483765, 0.33996567130088806, 0.33016717433929443, 0.32732412219047546, 0.3206143081188202, 0.32401084899902344, 0.3161298930644989, 0.3116667568683624], "val_accuracy": [0.7833333611488342, 0.8500000238418579, 0.800000011920929, 0.8500000238418579, 0.8416666388511658, 0.8333333134651184, 0.8166666626930237, 0.8083333373069763, 0.8083333373069763, 0.800000011920929, 0.8166666626930237, 0.8166666626930237, 0.824999988079071, 0.8500000238418579, 0.824999988079071, 0.824999988079071, 0.824999988079071, 0.8500000238418579, 0.8583333492279053, 0.8833333253860474], "val_loss": [0.5044842958450317, 0.44562608003616333, 0.4272095561027527, 0.36857813596725464, 0.3480648398399353, 0.3437390923500061, 0.3420472741127014, 0.3381882905960083, 0.34891584515571594, 0.3383176922798157, 0.33851099014282227, 0.33951902389526367, 0.33255499601364136, 0.31985458731651306, 0.32658126950263977, 0.3302249312400818, 0.3272663652896881, 0.3104758560657501, 0.30288538336753845, 0.29894351959228516], "learning_rate": [0.0010000000474974513, 0.0010000000474974513, 0.0010000000474974513, 0.0010000000474974513, 0.0010000000474974513, 0.0010000000474974513, 0.0010000000474974513, 0.0010000000474974513, 0.0010000000474974513, 0.0010000000474974513, 0.0010000000474974513, 0.0005000000237487257, 0.0005000000237487257, 0.0005000000237487257, 0.0005000000237487257, 0.0005000000237487257, 0.0005000000237487257, 0.0002500000118743628, 0.0002500000118743628, 0.0002500000118743628]}