{"accuracy": [0.7740740776062012, 0.8314814567565918, 0.8046296238899231, 0.8148148059844971, 0.8407407402992249, 0.9064815044403076, 0.9111111164093018, 0.9296296238899231, 0.9138888716697693, 0.9398148059844971, 0.9388889074325562, 0.949999988079071, 0.9435185194015503, 0.949999988079071, 0.9398148059844971], "loss": [0.4542064964771271, 0.360053151845932, 0.3751611113548279, 0.34468573331832886, 0.2961113154888153, 0.2061695158481598, 0.18389953672885895, 0.16162319481372833, 0.19699542224407196, 0.15826401114463806, 0.144191175699234, 0.1250624805688858, 0.14247064292430878, 0.12600885331630707, 0.12081889063119888], "val_accuracy": [0.8083333373069763, 0.7666666507720947, 0.8416666388511658, 0.9083333611488342, 0.8916666507720947, 0.9083333611488342, 0.8999999761581421, 0.9083333611488342, 0.8999999761581421, 0.9083333611488342, 0.9416666626930237, 0.9166666865348816, 0.9416666626930237, 0.9166666865348816, 0.9166666865348816], "val_loss": [0.4105040431022644, 0.3943731188774109, 0.3437202572822571, 0.29031339287757874, 0.21478644013404846, 0.1967303454875946, 0.15901803970336914, 0.19937913119792938, 0.16636842489242554, 0.1699489802122116, 0.12831394374370575, 0.13284628093242645, 0.11583618074655533, 0.14272332191467285, 0.14265121519565582]}