{"accuracy": [0.6768518686294556, 0.7555555701255798, 0.7537037134170532, 0.7546296119689941, 0.760185182094574, 0.7722222208976746, 0.7962962985038757, 0.8055555820465088, 0.8138889074325562, 0.8305555582046509, 0.8324074149131775, 0.8370370268821716, 0.8462963104248047, 0.8490740656852722, 0.8472222089767456, 0.8509259223937988, 0.8537036776542664, 0.8527777791023254, 0.8574073910713196, 0.8592592477798462], "loss": [0.6039437055587769, 0.45815685391426086, 0.43585485219955444, 0.42261049151420593, 0.4080900549888611, 0.39256685972213745, 0.37929102778434753, 0.3674217760562897, 0.35801616311073303, 0.3488331437110901, 0.3416973948478699, 0.33577626943588257, 0.32987502217292786, 0.32717230916023254, 0.3240642547607422, 0.31931114196777344, 0.3147844970226288, 0.31153756380081177, 0.308456689119339, 0.30526500940322876], "val_accuracy": [0.7333333492279053, 0.7083333134651184, 0.7083333134651184, 0.7083333134651184, 0.7083333134651184, 0.7250000238418579, 0.7416666746139526, 0.7749999761581421, 0.800000011920929, 0.824999988079071, 0.8333333134651184, 0.8333333134651184, 0.8500000238418579, 0.824999988079071, 0.8416666388511658, 0.8416666388511658, 0.8416666388511658, 0.8416666388511658, 0.8500000238418579, 0.8500000238418579], "val_loss": [0.5031968355178833, 0.4732235074043274, 0.45924219489097595, 0.44184526801109314, 0.4189901649951935, 0.4009908437728882, 0.3827873170375824, 0.3709285855293274, 0.35813838243484497, 0.34877875447273254, 0.3416217267513275, 0.3323085904121399, 0.33086442947387695, 0.330850213766098, 0.32626086473464966, 0.32083484530448914, 0.31762823462486267, 0.3150389492511749, 0.31214284896850586, 0.30901145935058594], "learning_rate": [0.0010000000474974513, 0.0010000000474974513, 0.0010000000474974513, 0.0010000000474974513, 0.0010000000474974513, 0.0010000000474974513, 0.0010000000474974513, 0.0010000000474974513, 0.0010000000474974513, 0.0010000000474974513, 0.0010000000474974513, 0.0010000000474974513, 0.0010000000474974513, 0.0010000000474974513, 0.0010000000474974513, 0.0010000000474974513, 0.0010000000474974513, 0.0010000000474974513, 0.0010000000474974513, 0.0010000000474974513]}