Model,Complexity,Train Time (s),Inference (ms/sample),Size (KB),Peak RAM Overhead (KB),Mean F1
WiMapper (Proposed),Low (O(n_sv)),0.9849518879782408,0.14739421592094004,188.4990234375,3.1123046875,0.7394972238073804
Hybrid (Isolation Forest),Medium (O(T log N)),0.24018669384531677,1.9937953380867839,1045.9619140625,14.7763671875,0.6712266682544086
Hybrid (Autoencoder),Medium (Matrix Mult),7.308553904294968e-07,0.06947282887995243,9.7685546875,2.0390625,0.6357504795618427
Hybrid (GMM),Low (O(K)),2.7342177068348974,0.14130388107150793,4.5693359375,4.0791015625,0.5417465727386965
