{"accuracy": [0.7685185074806213, 0.7787036895751953, 0.7870370149612427, 0.7990740537643433, 0.8166666626930237, 0.8277778029441833, 0.8074073791503906, 0.8203703761100769, 0.8203703761100769, 0.8231481313705444, 0.8305555582046509, 0.8222222328186035, 0.8203703761100769, 0.8185185194015503, 0.8370370268821716], "loss": [0.4841218590736389, 0.4128987491130829, 0.38549381494522095, 0.37516576051712036, 0.3532780706882477, 0.3437179923057556, 0.3506453335285187, 0.33958110213279724, 0.33836880326271057, 0.3324454426765442, 0.3282657563686371, 0.35305893421173096, 0.3362099826335907, 0.33487141132354736, 0.32323649525642395], "val_accuracy": [0.8416666388511658, 0.8333333134651184, 0.8416666388511658, 0.8333333134651184, 0.8500000238418579, 0.824999988079071, 0.8333333134651184, 0.8416666388511658, 0.8333333134651184, 0.824999988079071, 0.8416666388511658, 0.8333333134651184, 0.8416666388511658, 0.8416666388511658, 0.8416666388511658], "val_loss": [0.4610837399959564, 0.4154198467731476, 0.39353927969932556, 0.3653780221939087, 0.3618016541004181, 0.35860687494277954, 0.35651668906211853, 0.35813215374946594, 0.3548765182495117, 0.35488614439964294, 0.3543640077114105, 0.3634815514087677, 0.3547110855579376, 0.35783010721206665, 0.35749176144599915]}