{"accuracy": [0.7962962985038757, 0.8675925731658936, 0.8675925731658936, 0.8527777791023254, 0.845370352268219, 0.8416666388511658, 0.8574073910713196, 0.9037036895751953, 0.8759258985519409, 0.8703703880310059, 0.8398148417472839, 0.855555534362793, 0.8740741014480591, 0.875, 0.8777777552604675], "loss": [0.431232213973999, 0.30511167645454407, 0.3045329451560974, 0.306112676858902, 0.2954868674278259, 0.3085702061653137, 0.2937745749950409, 0.21112684905529022, 0.25012046098709106, 0.26318085193634033, 0.30231067538261414, 0.2636696696281433, 0.24164925515651703, 0.23790961503982544, 0.2331482172012329], "val_accuracy": [0.8583333492279053, 0.875, 0.8833333253860474, 0.8166666626930237, 0.8833333253860474, 0.8416666388511658, 0.8916666507720947, 0.8916666507720947, 0.8916666507720947, 0.8083333373069763, 0.8416666388511658, 0.8666666746139526, 0.8666666746139526, 0.875, 0.8666666746139526], "val_loss": [0.36491528153419495, 0.3047385811805725, 0.2955392003059387, 0.3556312322616577, 0.2838723361492157, 0.353007435798645, 0.24843165278434753, 0.23412960767745972, 0.21948517858982086, 0.32809439301490784, 0.29665297269821167, 0.24505522847175598, 0.25376784801483154, 0.25469833612442017, 0.25029560923576355]}