{"accuracy": [0.7370370626449585, 0.7722222208976746, 0.7824074029922485, 0.8101851940155029, 0.8009259104728699, 0.8212962746620178, 0.8240740895271301, 0.8305555582046509, 0.824999988079071, 0.8305555582046509, 0.8296296000480652, 0.835185170173645, 0.8324074149131775, 0.8481481671333313, 0.8444444537162781], "loss": [0.4899885356426239, 0.41616249084472656, 0.38857021927833557, 0.3684769868850708, 0.3573271930217743, 0.3407295048236847, 0.344853937625885, 0.3409000039100647, 0.32960090041160583, 0.3266908824443817, 0.3264752924442291, 0.31891605257987976, 0.323009192943573, 0.3067244589328766, 0.30908265709877014], "val_accuracy": [0.7833333611488342, 0.800000011920929, 0.800000011920929, 0.7833333611488342, 0.7916666865348816, 0.7749999761581421, 0.800000011920929, 0.7916666865348816, 0.7916666865348816, 0.800000011920929, 0.8083333373069763, 0.7833333611488342, 0.800000011920929, 0.8083333373069763, 0.7916666865348816], "val_loss": [0.4406799376010895, 0.3926842510700226, 0.3633996248245239, 0.3445889353752136, 0.34182456135749817, 0.3402891755104065, 0.3407343924045563, 0.33811017870903015, 0.33871400356292725, 0.3355899155139923, 0.3339202105998993, 0.33524832129478455, 0.3343285620212555, 0.3337448239326477, 0.33411091566085815]}