{"accuracy": [0.7633333206176758, 0.778333306312561, 0.7316666841506958, 0.7883333563804626, 0.7950000166893005, 0.8166666626930237, 0.8166666626930237, 0.8199999928474426, 0.8349999785423279, 0.8100000023841858, 0.7883333563804626, 0.8216666579246521, 0.8149999976158142, 0.824999988079071, 0.8266666531562805], "loss": [0.5041106343269348, 0.4270002841949463, 0.4076380431652069, 0.40027210116386414, 0.5576815605163574, 0.38321587443351746, 0.3833969235420227, 0.37709107995033264, 0.37012073397636414, 0.3665163218975067, 0.3899899423122406, 0.36705532670021057, 0.36115023493766785, 0.3584122359752655, 0.35404300689697266], "val_accuracy": [0.7983333468437195, 0.7566666603088379, 0.7716666460037231, 0.8016666769981384, 0.8316666483879089, 0.8016666769981384, 0.8116666674613953, 0.8050000071525574, 0.8166666626930237, 0.8166666626930237, 0.8083333373069763, 0.8033333420753479, 0.800000011920929, 0.8149999976158142, 0.8116666674613953], "val_loss": [0.429201602935791, 0.3936166763305664, 0.3836360275745392, 0.3760007619857788, 0.3622605800628662, 0.3715475797653198, 0.3666976988315582, 0.3609704077243805, 0.3540594279766083, 0.35069960355758667, 0.3575817048549652, 0.35388946533203125, 0.35031694173812866, 0.34817856550216675, 0.3459923565387726]}