{"accuracy": [0.47870370745658875, 0.6953703761100769, 0.7490741014480591, 0.75, 0.7481481432914734, 0.7685185074806213, 0.7972221970558167, 0.8203703761100769, 0.8157407641410828, 0.8175926208496094, 0.8185185194015503, 0.8185185194015503, 0.8194444179534912, 0.8240740895271301, 0.8203703761100769], "loss": [0.669775128364563, 0.5091213583946228, 0.4752093255519867, 0.45416781306266785, 0.43527835607528687, 0.4126553535461426, 0.390796035528183, 0.3738164007663727, 0.36098241806030273, 0.35105258226394653, 0.34414729475975037, 0.33920130133628845, 0.33553433418273926, 0.3321933150291443, 0.3290348947048187], "val_accuracy": [0.6666666865348816, 0.75, 0.75, 0.75, 0.7583333253860474, 0.800000011920929, 0.824999988079071, 0.8333333134651184, 0.8333333134651184, 0.8583333492279053, 0.8583333492279053, 0.8500000238418579, 0.8500000238418579, 0.8500000238418579, 0.8500000238418579], "val_loss": [0.52497398853302, 0.47616469860076904, 0.4495030641555786, 0.42564657330513, 0.40219372510910034, 0.37695497274398804, 0.355619877576828, 0.34004905819892883, 0.3277236521244049, 0.3189009726047516, 0.3126923143863678, 0.3085455298423767, 0.3051587641239166, 0.30192893743515015, 0.2986679673194885]}