{"accuracy": [0.7649999856948853, 0.8416666388511658, 0.8433333039283752, 0.8849999904632568, 0.8983333110809326, 0.8966666460037231, 0.9266666769981384, 0.9433333277702332, 0.9100000262260437, 0.92166668176651, 0.9383333325386047, 0.9416666626930237, 0.9433333277702332, 0.95333331823349, 0.9399999976158142], "loss": [0.45593196153640747, 0.3425111472606659, 0.3145918846130371, 0.25149255990982056, 0.22455233335494995, 0.22297002375125885, 0.17492909729480743, 0.14942753314971924, 0.19214709103107452, 0.1802411675453186, 0.14280357956886292, 0.14717909693717957, 0.14695553481578827, 0.12117063999176025, 0.12017590552568436], "val_accuracy": [0.8533333539962769, 0.8233333230018616, 0.8600000143051147, 0.9116666913032532, 0.9233333468437195, 0.9133333563804626, 0.8949999809265137, 0.9399999976158142, 0.8833333253860474, 0.9383333325386047, 0.9333333373069763, 0.92166668176651, 0.9449999928474426, 0.9383333325386047, 0.9383333325386047], "val_loss": [0.3518120050430298, 0.3325307071208954, 0.2688390016555786, 0.20198936760425568, 0.18455028533935547, 0.1950429528951645, 0.2067505121231079, 0.1498289704322815, 0.21646860241889954, 0.13194920122623444, 0.16288542747497559, 0.16725917160511017, 0.11724886298179626, 0.131398007273674, 0.12286988645792007]}