{"accuracy": [0.7888888716697693, 0.8574073910713196, 0.8666666746139526, 0.8712962865829468, 0.8796296119689941, 0.925000011920929, 0.9324073791503906, 0.9407407641410828, 0.9351851940155029, 0.9351851940155029, 0.960185170173645, 0.9388889074325562, 0.9481481313705444, 0.9388889074325562, 0.9287037253379822], "loss": [0.4488559365272522, 0.3069061040878296, 0.27488628029823303, 0.240338534116745, 0.24020391702651978, 0.16641390323638916, 0.1567380279302597, 0.14500704407691956, 0.15457387268543243, 0.14989881217479706, 0.12895862758159637, 0.13547605276107788, 0.11525743454694748, 0.13216467201709747, 0.13988074660301208], "val_accuracy": [0.8999999761581421, 0.8999999761581421, 0.8666666746139526, 0.8999999761581421, 0.9333333373069763, 0.949999988079071, 0.9750000238418579, 0.9416666626930237, 0.9833333492279053, 0.9750000238418579, 0.9833333492279053, 0.9666666388511658, 0.9750000238418579, 0.9583333134651184, 0.9750000238418579], "val_loss": [0.27327874302864075, 0.2284248322248459, 0.2806769013404846, 0.22293724119663239, 0.18259702622890472, 0.10894381254911423, 0.09767982363700867, 0.12192518264055252, 0.0827672928571701, 0.08154717087745667, 0.07161460071802139, 0.07790116220712662, 0.07455886155366898, 0.08124744147062302, 0.07241573929786682]}