{"accuracy": [0.5533333420753479, 0.746666669845581, 0.7733333110809326, 0.7433333396911621, 0.7416666746139526, 0.7433333396911621, 0.7450000047683716, 0.7566666603088379, 0.7616666555404663, 0.7733333110809326, 0.7916666865348816, 0.8066666722297668, 0.8299999833106995, 0.8383333086967468, 0.8416666388511658], "loss": [0.6651434302330017, 0.5579367876052856, 0.506138026714325, 0.47729751467704773, 0.4624823033809662, 0.4515717029571533, 0.4406874477863312, 0.4308716356754303, 0.4220830202102661, 0.41270506381988525, 0.40314871072769165, 0.3938739597797394, 0.38476091623306274, 0.37559497356414795, 0.3659326434135437], "val_accuracy": [0.6416666507720947, 0.7250000238418579, 0.7133333086967468, 0.7099999785423279, 0.7133333086967468, 0.7166666388511658, 0.721666693687439, 0.7333333492279053, 0.7350000143051147, 0.7383333444595337, 0.7566666603088379, 0.7666666507720947, 0.7916666865348816, 0.8116666674613953, 0.8299999833106995], "val_loss": [0.6337689757347107, 0.5711334347724915, 0.5323940515518188, 0.5120825171470642, 0.4991258382797241, 0.4889376759529114, 0.47711145877838135, 0.46697312593460083, 0.45774245262145996, 0.44810715317726135, 0.43771663308143616, 0.42678114771842957, 0.415424644947052, 0.4040940999984741, 0.39317601919174194]}