{"accuracy": [0.8138889074325562, 0.8398148417472839, 0.8574073910713196, 0.8675925731658936, 0.8324074149131775, 0.8527777791023254, 0.8657407164573669, 0.8675925731658936, 0.8768518567085266, 0.8740741014480591, 0.8805555701255798, 0.8814814686775208, 0.8666666746139526, 0.8861111402511597, 0.8861111402511597], "loss": [0.4013296961784363, 0.32483306527137756, 0.30175402760505676, 0.2921658456325531, 0.30578702688217163, 0.27703580260276794, 0.26404833793640137, 0.250579833984375, 0.24210584163665771, 0.24805673956871033, 0.22999347746372223, 0.2713950574398041, 0.2729003131389618, 0.257505863904953, 0.24996289610862732], "val_accuracy": [0.8916666507720947, 0.8500000238418579, 0.8500000238418579, 0.8416666388511658, 0.8583333492279053, 0.8583333492279053, 0.875, 0.8833333253860474, 0.8833333253860474, 0.8833333253860474, 0.8583333492279053, 0.875, 0.8666666746139526, 0.8583333492279053, 0.8500000238418579], "val_loss": [0.27315080165863037, 0.3149948716163635, 0.2866590619087219, 0.28911206126213074, 0.2679385840892792, 0.2658610939979553, 0.25508302450180054, 0.25227415561676025, 0.25710737705230713, 0.2316691279411316, 0.2800675332546234, 0.304699569940567, 0.28751933574676514, 0.28954485058784485, 0.24754373729228973]}