{"accuracy": [0.75, 0.7453703880310059, 0.7453703880310059, 0.7453703880310059, 0.7620370388031006, 0.7925925850868225, 0.8138889074325562, 0.8324074149131775, 0.8203703761100769, 0.8203703761100769, 0.8342592716217041, 0.8370370268821716, 0.8379629850387573, 0.8444444537162781, 0.8490740656852722], "loss": [0.5364629626274109, 0.4471639394760132, 0.4268956482410431, 0.4129989445209503, 0.39921173453330994, 0.3861222267150879, 0.3738362193107605, 0.36307069659233093, 0.3538801670074463, 0.34511950612068176, 0.33912062644958496, 0.333795428276062, 0.32701376080513, 0.3199787139892578, 0.3111358880996704], "val_accuracy": [0.7916666865348816, 0.7916666865348816, 0.7916666865348816, 0.7916666865348816, 0.7916666865348816, 0.8083333373069763, 0.8166666626930237, 0.8333333134651184, 0.8333333134651184, 0.8333333134651184, 0.8500000238418579, 0.8416666388511658, 0.8333333134651184, 0.8333333134651184, 0.8416666388511658], "val_loss": [0.43409463763237, 0.3978603780269623, 0.38222524523735046, 0.37112072110176086, 0.3609691858291626, 0.3523663282394409, 0.3445444703102112, 0.3357528746128082, 0.32855743169784546, 0.32369381189346313, 0.32000523805618286, 0.31483909487724304, 0.3089085817337036, 0.30158689618110657, 0.29339495301246643]}