{"accuracy": [0.6027777791023254, 0.7481481432914734, 0.7481481432914734, 0.7481481432914734, 0.7481481432914734, 0.7481481432914734, 0.7481481432914734, 0.7481481432914734, 0.7675926089286804, 0.7805555462837219, 0.8138889074325562, 0.760185182094574, 0.8240740895271301, 0.8101851940155029, 0.8120370507240295], "loss": [0.5611726641654968, 0.4924584925174713, 0.4807066321372986, 0.4670650362968445, 0.4545948803424835, 0.44481557607650757, 0.42948198318481445, 0.41593578457832336, 0.40066447854042053, 0.38837555050849915, 0.37428808212280273, 0.8106603622436523, 0.36711835861206055, 0.3532998561859131, 0.34827446937561035], "val_accuracy": [0.7666666507720947, 0.7666666507720947, 0.7666666507720947, 0.7666666507720947, 0.7666666507720947, 0.7666666507720947, 0.7666666507720947, 0.7666666507720947, 0.7666666507720947, 0.8166666626930237, 0.8166666626930237, 0.7916666865348816, 0.824999988079071, 0.824999988079071, 0.824999988079071], "val_loss": [0.47168540954589844, 0.46038544178009033, 0.4492698609828949, 0.43883582949638367, 0.4279806911945343, 0.4160292446613312, 0.403005987405777, 0.3893328309059143, 0.37532082200050354, 0.36471983790397644, 0.3512914776802063, 0.3702998459339142, 0.347480833530426, 0.3422716557979584, 0.33857664465904236]}