{"accuracy": [0.70333331823349, 0.7749999761581421, 0.7900000214576721, 0.7883333563804626, 0.8183333277702332, 0.8266666531562805, 0.8183333277702332, 0.8149999976158142, 0.82833331823349, 0.846666693687439, 0.8433333039283752, 0.8566666841506958, 0.8316666483879089, 0.8266666531562805, 0.8516666889190674], "loss": [0.5591011643409729, 0.42973753809928894, 0.4086303114891052, 0.3877639174461365, 0.3759824335575104, 0.3503408432006836, 0.3414430022239685, 0.3444729447364807, 0.3302701711654663, 0.3310033082962036, 0.324310302734375, 0.3109216094017029, 0.44676706194877625, 0.31983229517936707, 0.3193108141422272], "val_accuracy": [0.778333306312561, 0.7583333253860474, 0.7933333516120911, 0.79666668176651, 0.8100000023841858, 0.8083333373069763, 0.8033333420753479, 0.8116666674613953, 0.8100000023841858, 0.8133333325386047, 0.8116666674613953, 0.8166666626930237, 0.8133333325386047, 0.8083333373069763, 0.8083333373069763], "val_loss": [0.508845329284668, 0.4765866696834564, 0.4430693984031677, 0.4025458097457886, 0.3890855014324188, 0.37766197323799133, 0.37322041392326355, 0.3690028488636017, 0.36606308817863464, 0.36656054854393005, 0.36407211422920227, 0.34954017400741577, 0.3619261085987091, 0.3681870698928833, 0.3625877797603607]}