{"accuracy": [0.7266666889190674, 0.7599999904632568, 0.7716666460037231, 0.778333306312561, 0.8033333420753479, 0.8183333277702332, 0.8183333277702332, 0.8266666531562805, 0.8233333230018616, 0.8066666722297668, 0.8349999785423279, 0.8316666483879089, 0.8416666388511658, 0.846666693687439, 0.8216666579246521], "loss": [0.5560371279716492, 0.4487540125846863, 0.41796329617500305, 0.3897877633571625, 0.3640604019165039, 0.3573179841041565, 0.3494497537612915, 0.34217992424964905, 0.3371010422706604, 0.341275691986084, 0.3243613839149475, 0.322501540184021, 0.30901122093200684, 0.30491119623184204, 0.34504199028015137], "val_accuracy": [0.746666669845581, 0.8016666769981384, 0.8066666722297668, 0.8066666722297668, 0.7983333468437195, 0.79666668176651, 0.8050000071525574, 0.7983333468437195, 0.8033333420753479, 0.8100000023841858, 0.8066666722297668, 0.8066666722297668, 0.7950000166893005, 0.7900000214576721, 0.800000011920929], "val_loss": [0.5020756125450134, 0.4540783762931824, 0.417086124420166, 0.39652833342552185, 0.3794814944267273, 0.37263789772987366, 0.3630991578102112, 0.37418439984321594, 0.3639269471168518, 0.36342382431030273, 0.3611499071121216, 0.35693618655204773, 0.3567616641521454, 0.36070311069488525, 0.36003434658050537]}