{"accuracy": [0.7259259223937988, 0.739814817905426, 0.7425925731658936, 0.7444444298744202, 0.7509258985519409, 0.7759259343147278, 0.7870370149612427, 0.8111110925674438, 0.8231481313705444, 0.7925925850868225, 0.8148148059844971, 0.8083333373069763, 0.8083333373069763, 0.8092592358589172, 0.8101851940155029], "loss": [0.5178868174552917, 0.4754045307636261, 0.45873942971229553, 0.43862879276275635, 0.4196654260158539, 0.40142548084259033, 0.38744381070137024, 0.3745664954185486, 0.3636801242828369, 0.5995582938194275, 0.3585333228111267, 0.35205718874931335, 0.34835100173950195, 0.34453678131103516, 0.3417623043060303], "val_accuracy": [0.75, 0.75, 0.75, 0.75, 0.75, 0.7583333253860474, 0.7749999761581421, 0.7916666865348816, 0.824999988079071, 0.800000011920929, 0.8083333373069763, 0.8083333373069763, 0.8166666626930237, 0.8166666626930237, 0.824999988079071], "val_loss": [0.47635385394096375, 0.45736780762672424, 0.4368182122707367, 0.4166647493839264, 0.39823558926582336, 0.3817453682422638, 0.3688230514526367, 0.35399144887924194, 0.33988258242607117, 0.35534152388572693, 0.33475181460380554, 0.3300032317638397, 0.3250473141670227, 0.3214688301086426, 0.3185477554798126]}