{"accuracy": [0.8194444179534912, 0.8240740895271301, 0.8333333134651184, 0.8509259223937988, 0.8629629611968994, 0.8805555701255798, 0.8907407522201538, 0.9231481552124023, 0.9490740895271301, 0.9398148059844971, 0.9583333134651184, 0.9444444179534912, 0.9490740895271301, 0.9546296000480652, 0.9583333134651184], "loss": [0.40461868047714233, 0.3814469277858734, 0.33283230662345886, 0.31048741936683655, 0.2991885244846344, 0.2522026598453522, 0.22392521798610687, 0.1727956384420395, 0.12930665910243988, 0.1292615532875061, 0.10855906456708908, 0.12302364408969879, 0.12142586708068848, 0.10250469297170639, 0.10207724571228027], "val_accuracy": [0.8166666626930237, 0.8083333373069763, 0.824999988079071, 0.8166666626930237, 0.824999988079071, 0.8999999761581421, 0.8833333253860474, 0.9166666865348816, 0.9333333373069763, 0.949999988079071, 0.949999988079071, 0.9166666865348816, 0.9416666626930237, 0.925000011920929, 0.925000011920929], "val_loss": [0.42290252447128296, 0.35174694657325745, 0.32883551716804504, 0.3024072051048279, 0.28313156962394714, 0.17694750428199768, 0.19192524254322052, 0.14293305575847626, 0.13112856447696686, 0.1252705305814743, 0.11634433269500732, 0.1521054208278656, 0.13255751132965088, 0.13219474256038666, 0.13642583787441254]}