{"accuracy": [0.7175925970077515, 0.7425925731658936, 0.7481481432914734, 0.7481481432914734, 0.7583333253860474, 0.7749999761581421, 0.800000011920929, 0.8212962746620178, 0.8101851940155029, 0.8175926208496094, 0.8388888835906982, 0.8416666388511658, 0.8361111283302307, 0.8509259223937988, 0.9407407641410828], "loss": [0.5325942039489746, 0.46241316199302673, 0.44142070412635803, 0.42860400676727295, 0.4120144844055176, 0.39644551277160645, 0.38242214918136597, 0.36883923411369324, 0.5800164341926575, 0.3577057421207428, 0.34640416502952576, 0.33921951055526733, 0.33916303515434265, 0.3259345591068268, 0.18906177580356598], "val_accuracy": [0.7666666507720947, 0.7666666507720947, 0.7666666507720947, 0.7666666507720947, 0.7749999761581421, 0.7833333611488342, 0.800000011920929, 0.8083333373069763, 0.800000011920929, 0.8083333373069763, 0.824999988079071, 0.8500000238418579, 0.824999988079071, 0.8583333492279053, 0.9666666388511658], "val_loss": [0.4459454119205475, 0.4334617853164673, 0.42242562770843506, 0.4109882414340973, 0.3987805247306824, 0.3869631886482239, 0.37541815638542175, 0.36443933844566345, 0.37018728256225586, 0.36236077547073364, 0.3542235195636749, 0.33731958270072937, 0.34546807408332825, 0.311197429895401, 0.11893203109502792]}