{"accuracy": [0.7333333492279053, 0.7620370388031006, 0.7879629731178284, 0.8064814805984497, 0.8129629492759705, 0.8166666626930237, 0.8148148059844971, 0.8185185194015503, 0.8259259462356567, 0.8148148059844971, 0.8166666626930237, 0.8212962746620178, 0.8240740895271301, 0.8268518447875977, 0.8212962746620178], "loss": [0.49444398283958435, 0.4425313472747803, 0.4108206033706665, 0.3753414452075958, 0.35833656787872314, 0.3484695851802826, 0.338022381067276, 0.3348858654499054, 0.32530730962753296, 0.32720285654067993, 0.3284875750541687, 0.3187776505947113, 0.3138194680213928, 0.3114693760871887, 0.32337111234664917], "val_accuracy": [0.7749999761581421, 0.800000011920929, 0.800000011920929, 0.7916666865348816, 0.7083333134651184, 0.75, 0.7416666746139526, 0.75, 0.75, 0.7333333492279053, 0.7666666507720947, 0.7583333253860474, 0.7333333492279053, 0.7749999761581421, 0.7583333253860474], "val_loss": [0.4651816189289093, 0.43005603551864624, 0.4024490714073181, 0.39687997102737427, 0.40080752968788147, 0.4045334756374359, 0.40849778056144714, 0.4135201573371887, 0.4089944064617157, 0.4163449704647064, 0.4186192750930786, 0.41332486271858215, 0.4117482006549835, 0.4276248812675476, 0.39249610900878906]}