{"accuracy": [0.7861111164093018, 0.7925925850868225, 0.8111110925674438, 0.7916666865348816, 0.7888888716697693, 0.8074073791503906, 0.8027777671813965, 0.8055555820465088, 0.8157407641410828, 0.8212962746620178, 0.8185185194015503, 0.8231481313705444, 0.835185170173645, 0.8138889074325562, 0.824999988079071], "loss": [0.46697089076042175, 0.4176486134529114, 0.3737410604953766, 0.3868061900138855, 0.3616255521774292, 0.3546372056007385, 0.34741052985191345, 0.34664836525917053, 0.3463849425315857, 0.33124011754989624, 0.326509565114975, 0.3281368613243103, 0.31986141204833984, 0.3265320062637329, 0.31871920824050903], "val_accuracy": [0.8333333134651184, 0.8416666388511658, 0.8666666746139526, 0.8916666507720947, 0.8833333253860474, 0.875, 0.875, 0.875, 0.875, 0.8666666746139526, 0.875, 0.8666666746139526, 0.8666666746139526, 0.875, 0.8916666507720947], "val_loss": [0.44057026505470276, 0.3859938383102417, 0.33575788140296936, 0.3255920112133026, 0.31209972500801086, 0.3048531115055084, 0.3058862090110779, 0.3043457567691803, 0.3001389801502228, 0.2966514527797699, 0.29459911584854126, 0.2885426878929138, 0.28671613335609436, 0.29493921995162964, 0.28867024183273315]}