{"accuracy": [0.7185184955596924, 0.8194444179534912, 0.760185182094574, 0.7657407522201538, 0.7916666865348816, 0.8064814805984497, 0.8175926208496094, 0.8231481313705444, 0.8194444179534912, 0.8175926208496094, 0.8194444179534912, 0.8175926208496094, 0.8194444179534912, 0.824999988079071, 0.8324074149131775], "loss": [0.5340685248374939, 0.4510384202003479, 0.4223565459251404, 0.4062241017818451, 0.3925236463546753, 0.3816816806793213, 0.3726143538951874, 0.36438101530075073, 0.35846200585365295, 0.3527849018573761, 0.3476255536079407, 0.34347108006477356, 0.33936187624931335, 0.3348124027252197, 0.3285452425479889], "val_accuracy": [0.8416666388511658, 0.7749999761581421, 0.75, 0.7833333611488342, 0.800000011920929, 0.8083333373069763, 0.8166666626930237, 0.8166666626930237, 0.824999988079071, 0.8333333134651184, 0.8166666626930237, 0.8166666626930237, 0.824999988079071, 0.800000011920929, 0.8083333373069763], "val_loss": [0.4597298800945282, 0.4230346083641052, 0.40229734778404236, 0.3842916488647461, 0.36907297372817993, 0.35869839787483215, 0.34670892357826233, 0.3399267792701721, 0.33345887064933777, 0.32673975825309753, 0.3224371075630188, 0.31967028975486755, 0.318990558385849, 0.3357886075973511, 0.3259395360946655]}