{"accuracy": [0.8111110925674438, 0.8703703880310059, 0.875, 0.8972222208976746, 0.904629647731781, 0.9111111164093018, 0.9370370507240295, 0.9361110925674438, 0.9324073791503906, 0.9472222328186035, 0.9472222328186035, 0.9416666626930237, 0.9277777671813965, 0.9240740537643433, 0.9462962746620178], "loss": [0.41716012358665466, 0.31504911184310913, 0.2928179204463959, 0.23434652388095856, 0.21497949957847595, 0.18580493330955505, 0.15598423779010773, 0.14298942685127258, 0.16102217137813568, 0.1232302188873291, 0.11684396117925644, 0.12668924033641815, 0.14143690466880798, 0.14468559622764587, 0.1260433942079544], "val_accuracy": [0.800000011920929, 0.8166666626930237, 0.8083333373069763, 0.8333333134651184, 0.8333333134651184, 0.8583333492279053, 0.8666666746139526, 0.8583333492279053, 0.925000011920929, 0.925000011920929, 0.9083333611488342, 0.8916666507720947, 0.875, 0.9083333611488342, 0.925000011920929], "val_loss": [0.4253371059894562, 0.4071348011493683, 0.4258851706981659, 0.3461906313896179, 0.3068236708641052, 0.23103761672973633, 0.24252577126026154, 0.23778264224529266, 0.16992253065109253, 0.15541033446788788, 0.1681583821773529, 0.17895269393920898, 0.22824829816818237, 0.16594113409519196, 0.1580367088317871]}