{"accuracy": [0.7350000143051147, 0.7566666603088379, 0.7566666603088379, 0.7566666603088379, 0.7566666603088379, 0.7566666603088379, 0.675000011920929, 0.7766666412353516, 0.7683333158493042, 0.8083333373069763, 0.8233333230018616, 0.8366666436195374, 0.8483333587646484, 0.8616666793823242, 0.8566666841506958], "loss": [0.5588534474372864, 0.46139466762542725, 0.44819411635398865, 0.43438485264778137, 0.42010724544525146, 0.40746787190437317, 1.2277616262435913, 0.40697047114372253, 0.39269018173217773, 0.376973956823349, 0.3683888614177704, 0.36030781269073486, 0.35324573516845703, 0.34621167182922363, 0.34110164642333984], "val_accuracy": [0.7316666841506958, 0.7366666793823242, 0.7383333444595337, 0.7333333492279053, 0.7300000190734863, 0.7266666889190674, 0.7900000214576721, 0.7350000143051147, 0.7516666650772095, 0.7666666507720947, 0.7833333611488342, 0.7933333516120911, 0.7950000166893005, 0.7983333468437195, 0.800000011920929], "val_loss": [0.4961371421813965, 0.47469350695610046, 0.46631744503974915, 0.453673392534256, 0.4427791237831116, 0.4265609681606293, 0.4371756613254547, 0.432594895362854, 0.417402446269989, 0.4087013900279999, 0.4022890031337738, 0.3967931866645813, 0.3917120397090912, 0.38748854398727417, 0.38253605365753174]}