{"accuracy": [0.7712963223457336, 0.75, 0.7518518567085266, 0.7546296119689941, 0.7768518328666687, 0.800000011920929, 0.8148148059844971, 0.8129629492759705, 0.8129629492759705, 0.8129629492759705, 0.8138889074325562, 0.8166666626930237, 0.8175926208496094, 0.8185185194015503, 0.8777777552604675], "loss": [0.5150477886199951, 0.45685744285583496, 0.4415777623653412, 0.42069199681282043, 0.39806634187698364, 0.3833255469799042, 0.3722575008869171, 0.3621554970741272, 0.35440024733543396, 0.3490350544452667, 0.34375, 0.34139710664749146, 0.33909109234809875, 0.331223726272583, 0.2500319480895996], "val_accuracy": [0.7250000238418579, 0.7333333492279053, 0.7333333492279053, 0.75, 0.75, 0.7833333611488342, 0.7916666865348816, 0.8166666626930237, 0.8166666626930237, 0.824999988079071, 0.8333333134651184, 0.824999988079071, 0.8500000238418579, 0.8333333134651184, 0.9083333611488342], "val_loss": [0.4637231230735779, 0.4513452649116516, 0.4321230947971344, 0.41480615735054016, 0.40026742219924927, 0.38634923100471497, 0.374189168214798, 0.36483538150787354, 0.35746124386787415, 0.3516388237476349, 0.3467119336128235, 0.3455570936203003, 0.3360620439052582, 0.3330341577529907, 0.22468608617782593]}