{"accuracy": [0.7472222447395325, 0.7481481432914734, 0.75, 0.7481481432914734, 0.7620370388031006, 0.7740740776062012, 0.8037037253379822, 0.8370370268821716, 0.8175926208496094, 0.835185170173645, 0.8472222089767456, 0.8768518567085266, 0.8925926089286804, 0.925000011920929, 0.9481481313705444], "loss": [0.4668228328227997, 0.4251549243927002, 0.4103468060493469, 0.3984760344028473, 0.38744041323661804, 0.37819427251815796, 0.3699628710746765, 0.3609507977962494, 0.35137200355529785, 0.33833640813827515, 0.32175272703170776, 0.30123138427734375, 0.2720012664794922, 0.21898414194583893, 0.16527359187602997], "val_accuracy": [0.7666666507720947, 0.7666666507720947, 0.7666666507720947, 0.7666666507720947, 0.7666666507720947, 0.7666666507720947, 0.824999988079071, 0.8333333134651184, 0.824999988079071, 0.8500000238418579, 0.8500000238418579, 0.8833333253860474, 0.9083333611488342, 0.9750000238418579, 0.925000011920929], "val_loss": [0.4251207411289215, 0.4027320444583893, 0.38931703567504883, 0.3781818449497223, 0.3686017394065857, 0.3604823350906372, 0.3528217375278473, 0.34232279658317566, 0.33411020040512085, 0.3246524930000305, 0.2988315224647522, 0.2947075664997101, 0.26160362362861633, 0.17983373999595642, 0.1542849987745285]}