{"accuracy": [0.8314814567565918, 0.8175926208496094, 0.8509259223937988, 0.8879629373550415, 0.8999999761581421, 0.9138888716697693, 0.904629647731781, 0.8833333253860474, 0.9166666865348816, 0.9277777671813965, 0.9203703999519348, 0.9240740537643433, 0.9287037253379822, 0.9129629731178284, 0.9351851940155029], "loss": [0.3736276626586914, 0.37407997250556946, 0.30860885977745056, 0.24657705426216125, 0.21082818508148193, 0.20886607468128204, 0.20242366194725037, 0.23725254833698273, 0.19849525392055511, 0.1703730821609497, 0.1704099476337433, 0.15587426722049713, 0.13946187496185303, 0.16772307455539703, 0.14293518662452698], "val_accuracy": [0.824999988079071, 0.8666666746139526, 0.8666666746139526, 0.8583333492279053, 0.875, 0.8999999761581421, 0.8833333253860474, 0.9333333373069763, 0.9416666626930237, 0.925000011920929, 0.9333333373069763, 0.925000011920929, 0.9166666865348816, 0.9333333373069763, 0.9416666626930237], "val_loss": [0.381033331155777, 0.2993001639842987, 0.2514345943927765, 0.23562952876091003, 0.2016899138689041, 0.18974323570728302, 0.2001437097787857, 0.1828213632106781, 0.15240153670310974, 0.15139080584049225, 0.136311337351799, 0.1481800675392151, 0.1504736691713333, 0.12637199461460114, 0.11379870027303696]}