{"accuracy": [0.6407407522201538, 0.8175926208496094, 0.7509258985519409, 0.7435185313224792, 0.7527777552604675, 0.7722222208976746, 0.7925925850868225, 0.8037037253379822, 0.8157407641410828, 0.8203703761100769, 0.8296296000480652, 0.8296296000480652, 0.8333333134651184, 0.8333333134651184, 0.8361111283302307], "loss": [0.5941295027732849, 0.47147369384765625, 0.4424859881401062, 0.4279857277870178, 0.4170687198638916, 0.4066333770751953, 0.39597034454345703, 0.3862510025501251, 0.37673482298851013, 0.36806052923202515, 0.35993266105651855, 0.3527739644050598, 0.34555888175964355, 0.33869174122810364, 0.3306119441986084], "val_accuracy": [0.824999988079071, 0.7333333492279053, 0.7583333253860474, 0.7583333253860474, 0.7666666507720947, 0.7666666507720947, 0.7749999761581421, 0.7416666746139526, 0.7749999761581421, 0.7749999761581421, 0.8083333373069763, 0.8333333134651184, 0.8416666388511658, 0.8416666388511658, 0.8333333134651184], "val_loss": [0.5071832537651062, 0.45715630054473877, 0.43311938643455505, 0.4199180006980896, 0.40952128171920776, 0.3998003602027893, 0.3904440701007843, 0.38185444474220276, 0.3737998306751251, 0.3663444519042969, 0.3589807450771332, 0.35306134819984436, 0.34689459204673767, 0.3418005108833313, 0.3364205062389374]}