{"accuracy": [0.7592592835426331, 0.75, 0.75, 0.75, 0.75, 0.7620370388031006, 0.7888888716697693, 0.8018518686294556, 0.8342592716217041, 0.7287036776542664, 0.8203703761100769, 0.8342592716217041, 0.8407407402992249, 0.8425925970077515, 0.8416666388511658], "loss": [0.5073999762535095, 0.4494556784629822, 0.43189266324043274, 0.4159601926803589, 0.40331512689590454, 0.39003413915634155, 0.3765784800052643, 0.3649294674396515, 0.3538378179073334, 0.8528887033462524, 0.35832679271698, 0.34317177534103394, 0.33719030022621155, 0.331974059343338, 0.32891449332237244], "val_accuracy": [0.75, 0.75, 0.75, 0.75, 0.75, 0.75, 0.75, 0.7749999761581421, 0.8666666746139526, 0.8166666626930237, 0.8416666388511658, 0.8500000238418579, 0.8416666388511658, 0.8500000238418579, 0.8583333492279053], "val_loss": [0.4493991434574127, 0.4303671717643738, 0.41283702850341797, 0.3973473906517029, 0.3820614218711853, 0.3679089844226837, 0.35697269439697266, 0.3469891846179962, 0.3241913914680481, 0.36475124955177307, 0.3195608854293823, 0.31763675808906555, 0.31183215975761414, 0.3087417483329773, 0.3073171079158783]}