{"accuracy": [0.7366666793823242, 0.7599999904632568, 0.7599999904632568, 0.7599999904632568, 0.7599999904632568, 0.7083333134651184, 0.7850000262260437, 0.7900000214576721, 0.8016666769981384, 0.8050000071525574, 0.8116666674613953, 0.8199999928474426, 0.8183333277702332, 0.8349999785423279, 0.8450000286102295], "loss": [0.5511021018028259, 0.4376530349254608, 0.42057597637176514, 0.4093385338783264, 0.6016308665275574, 0.706780195236206, 0.40880370140075684, 0.3937355875968933, 0.3851161301136017, 0.3749229609966278, 0.3699833154678345, 0.363717257976532, 0.3577174246311188, 0.35474100708961487, 0.34875789284706116], "val_accuracy": [0.7350000143051147, 0.7400000095367432, 0.7400000095367432, 0.7400000095367432, 0.5, 0.7766666412353516, 0.7599999904632568, 0.7699999809265137, 0.7716666460037231, 0.7699999809265137, 0.7799999713897705, 0.7816666960716248, 0.7916666865348816, 0.7933333516120911, 0.8050000071525574], "val_loss": [0.47856536507606506, 0.45176681876182556, 0.44163116812705994, 0.42955633997917175, 2.3259170055389404, 0.4337409436702728, 0.4227932393550873, 0.41260507702827454, 0.40589138865470886, 0.40020278096199036, 0.39536726474761963, 0.3909651041030884, 0.38660183548927307, 0.3826412856578827, 0.3789849877357483]}