{"accuracy": [0.7516666650772095, 0.8116666674613953, 0.8450000286102295, 0.7866666913032532, 0.8450000286102295, 0.8616666793823242, 0.8866666555404663, 0.8566666841506958, 0.8883333206176758, 0.8700000047683716, 0.875, 0.8799999952316284, 0.8966666460037231, 0.9233333468437195, 0.9183333516120911], "loss": [0.519132673740387, 0.4179932177066803, 0.3488475978374481, 0.439184308052063, 0.3361366391181946, 0.2871033549308777, 0.23346653580665588, 0.28990039229393005, 0.2375839799642563, 0.25188636779785156, 0.2522994875907898, 0.2500317692756653, 0.22128990292549133, 0.19011695683002472, 0.18095478415489197], "val_accuracy": [0.8116666674613953, 0.8633333444595337, 0.8616666793823242, 0.846666693687439, 0.8899999856948853, 0.8733333349227905, 0.7850000262260437, 0.9016666412353516, 0.9350000023841858, 0.8899999856948853, 0.903333306312561, 0.8916666507720947, 0.9383333325386047, 0.9333333373069763, 0.8733333349227905], "val_loss": [0.48409372568130493, 0.41510072350502014, 0.3092711269855499, 0.37063005566596985, 0.25182557106018066, 0.26229819655418396, 0.44125425815582275, 0.2153410017490387, 0.17128409445285797, 0.22107429802417755, 0.2016085386276245, 0.20413270592689514, 0.15375745296478271, 0.20916254818439484, 0.23802922666072845]}