{"accuracy": [0.5233333110809326, 0.6566666960716248, 0.746666669845581, 0.7599999904632568, 0.7599999904632568, 0.7599999904632568, 0.7599999904632568, 0.7599999904632568, 0.7599999904632568, 0.7649999856948853, 0.7850000262260437, 0.800000011920929, 0.8266666531562805, 0.8383333086967468, 0.8533333539962769], "loss": [0.9008714556694031, 0.538601815700531, 0.48973774909973145, 0.46538808941841125, 0.44725000858306885, 0.4321400821208954, 0.4192008972167969, 0.40770041942596436, 0.3973139226436615, 0.38803863525390625, 0.3792375922203064, 0.37127313017845154, 0.3639422059059143, 0.3572395443916321, 0.350971519947052], "val_accuracy": [0.5716666579246521, 0.6833333373069763, 0.7400000095367432, 0.7400000095367432, 0.7400000095367432, 0.7383333444595337, 0.7383333444595337, 0.7416666746139526, 0.75, 0.7549999952316284, 0.7583333253860474, 0.7683333158493042, 0.778333306312561, 0.7983333468437195, 0.8083333373069763], "val_loss": [0.6019912362098694, 0.5215347409248352, 0.493804007768631, 0.4752904772758484, 0.46081721782684326, 0.44809362292289734, 0.4373808801174164, 0.42768436670303345, 0.4183651804924011, 0.41069865226745605, 0.4033192992210388, 0.3966182470321655, 0.390646368265152, 0.3852342367172241, 0.38035038113594055]}