{"accuracy": [0.75, 0.7350000143051147, 0.7649999856948853, 0.7549999952316284, 0.7483333349227905, 0.7633333206176758, 0.7850000262260437, 0.8016666769981384, 0.7983333468437195, 0.8050000071525574, 0.8316666483879089, 0.7049999833106995, 0.8233333230018616, 0.8966666460037231, 0.9549999833106995], "loss": [0.5509980916976929, 0.46220144629478455, 0.4457528591156006, 0.4351002871990204, 0.4238082766532898, 0.41605719923973083, 0.40529975295066833, 0.39673709869384766, 0.3879004716873169, 0.384357213973999, 0.3780703842639923, 1.1452810764312744, 0.36734887957572937, 0.28919517993927, 0.17768526077270508], "val_accuracy": [0.7833333611488342, 0.7866666913032532, 0.7666666507720947, 0.7900000214576721, 0.7900000214576721, 0.800000011920929, 0.8066666722297668, 0.824999988079071, 0.8433333039283752, 0.8416666388511658, 0.8433333039283752, 0.8383333086967468, 0.8483333587646484, 0.9733333587646484, 0.9483333230018616], "val_loss": [0.4553978443145752, 0.4277900755405426, 0.41010168194770813, 0.40118664503097534, 0.39052197337150574, 0.3808201551437378, 0.37134966254234314, 0.3639220893383026, 0.365761935710907, 0.3536544740200043, 0.3359870910644531, 0.35702624917030334, 0.33375176787376404, 0.1579982042312622, 0.16815073788166046]}