{"accuracy": [0.7683333158493042, 0.8266666531562805, 0.8500000238418579, 0.8849999904632568, 0.8999999761581421, 0.9083333611488342, 0.9300000071525574, 0.9333333373069763, 0.8566666841506958, 0.8983333110809326, 0.8866666555404663, 0.9100000262260437, 0.8899999856948853, 0.925000011920929, 0.9333333373069763], "loss": [0.479771226644516, 0.38140520453453064, 0.33386939764022827, 0.2942618429660797, 0.23995813727378845, 0.20311105251312256, 0.17601215839385986, 0.16532480716705322, 0.315308153629303, 0.2245711237192154, 0.2519112825393677, 0.23265331983566284, 0.23309844732284546, 0.1674223691225052, 0.16011111438274384], "val_accuracy": [0.8149999976158142, 0.7599999904632568, 0.8333333134651184, 0.8366666436195374, 0.871666669845581, 0.7566666603088379, 0.8533333539962769, 0.6433333158493042, 0.8550000190734863, 0.8666666746139526, 0.8966666460037231, 0.8733333349227905, 0.8866666555404663, 0.9150000214576721, 0.92166668176651], "val_loss": [0.48511236906051636, 0.47983860969543457, 0.3868705630302429, 0.36444777250289917, 0.2983551025390625, 0.6042819023132324, 0.2905513644218445, 0.7583315968513489, 0.3103305995464325, 0.26378917694091797, 0.24072669446468353, 0.272866427898407, 0.24640269577503204, 0.20841872692108154, 0.19511428475379944]}