{"accuracy": [0.5712962746620178, 0.7370370626449585, 0.7370370626449585, 0.739814817905426, 0.7425925731658936, 0.7583333253860474, 0.7722222208976746, 0.7972221970558167, 0.7990740537643433, 0.8101851940155029, 0.8268518447875977, 0.8222222328186035, 0.8324074149131775, 0.8296296000480652, 0.8370370268821716], "loss": [0.5893754959106445, 0.5030410289764404, 0.4887915849685669, 0.4643634259700775, 0.4509987235069275, 0.4328077733516693, 0.4172931909561157, 0.3971152603626251, 0.38539913296699524, 0.3712141215801239, 0.3580526113510132, 0.35221514105796814, 0.3449614942073822, 0.339336097240448, 0.33211514353752136], "val_accuracy": [0.7833333611488342, 0.7833333611488342, 0.7833333611488342, 0.7833333611488342, 0.7833333611488342, 0.7749999761581421, 0.7833333611488342, 0.7749999761581421, 0.7916666865348816, 0.7916666865348816, 0.8166666626930237, 0.7916666865348816, 0.7833333611488342, 0.7833333611488342, 0.7833333611488342], "val_loss": [0.4482339918613434, 0.4392010271549225, 0.43197137117385864, 0.42572346329689026, 0.4195353090763092, 0.4138243496417999, 0.4087546765804291, 0.4051004946231842, 0.40259233117103577, 0.4015515148639679, 0.4018334448337555, 0.4030771851539612, 0.40441423654556274, 0.4061896502971649, 0.4082503020763397]}