{"accuracy": [0.5981481671333313, 0.7518518567085266, 0.7527777552604675, 0.7527777552604675, 0.7527777552604675, 0.7527777552604675, 0.7527777552604675, 0.779629647731781, 0.8027777671813965, 0.8222222328186035, 0.835185170173645, 0.8398148417472839, 0.8370370268821716, 0.8425925970077515, 0.8444444537162781], "loss": [0.6192294359207153, 0.45342355966567993, 0.4284740388393402, 0.4139948785305023, 0.40137091279029846, 0.389007568359375, 0.37772661447525024, 0.36699044704437256, 0.3577222228050232, 0.34995338320732117, 0.3428691327571869, 0.3373383581638336, 0.33212628960609436, 0.32771414518356323, 0.32349109649658203], "val_accuracy": [0.6833333373069763, 0.7250000238418579, 0.7250000238418579, 0.7250000238418579, 0.7250000238418579, 0.7250000238418579, 0.7250000238418579, 0.7250000238418579, 0.75, 0.8166666626930237, 0.8416666388511658, 0.8583333492279053, 0.8666666746139526, 0.875, 0.8666666746139526], "val_loss": [0.4791148006916046, 0.4452374279499054, 0.42881539463996887, 0.4152677655220032, 0.4004720449447632, 0.3877715468406677, 0.37474924325942993, 0.3630158603191376, 0.3537636697292328, 0.34330183267593384, 0.3360961079597473, 0.329365611076355, 0.32332175970077515, 0.318755567073822, 0.3135717511177063]}