{"accuracy": [0.5, 0.6800000071525574, 0.7383333444595337, 0.7400000095367432, 0.7383333444595337, 0.7366666793823242, 0.746666669845581, 0.7516666650772095, 0.7649999856948853, 0.7916666865348816, 0.8166666626930237, 0.8149999976158142, 0.8266666531562805, 0.8383333086967468, 0.8500000238418579], "loss": [0.5948640704154968, 0.5176648497581482, 0.492395281791687, 0.4790884256362915, 0.46882742643356323, 0.4590173363685608, 0.4486907422542572, 0.4369739890098572, 0.42491796612739563, 0.413047730922699, 0.40142950415611267, 0.3901892900466919, 0.377494215965271, 0.36357131600379944, 0.3469146192073822], "val_accuracy": [0.6366666555404663, 0.7583333253860474, 0.7599999904632568, 0.7599999904632568, 0.7633333206176758, 0.7666666507720947, 0.7833333611488342, 0.8033333420753479, 0.82833331823349, 0.8399999737739563, 0.8416666388511658, 0.8483333587646484, 0.8433333039283752, 0.8583333492279053, 0.8533333539962769], "val_loss": [0.5262212753295898, 0.48526376485824585, 0.4650349020957947, 0.45140528678894043, 0.43992146849632263, 0.4290942847728729, 0.4169138967990875, 0.40506258606910706, 0.3934558928012848, 0.3827383816242218, 0.3727080821990967, 0.36014533042907715, 0.35372406244277954, 0.3468426465988159, 0.33721452951431274]}