{"accuracy": [0.739814817905426, 0.7453703880310059, 0.7453703880310059, 0.7564814686775208, 0.7916666865348816, 0.8175926208496094, 0.8203703761100769, 0.8185185194015503, 0.8222222328186035, 0.824999988079071, 0.8231481313705444, 0.8222222328186035, 0.8222222328186035, 0.824999988079071, 0.8268518447875977], "loss": [0.5249319076538086, 0.4577470123767853, 0.4386803209781647, 0.4156953990459442, 0.39638495445251465, 0.3801512122154236, 0.36963242292404175, 0.3594297170639038, 0.3511635661125183, 0.34532713890075684, 0.34139907360076904, 0.3381727635860443, 0.33420330286026, 0.33088576793670654, 0.3325624465942383], "val_accuracy": [0.7916666865348816, 0.7916666865348816, 0.7916666865348816, 0.800000011920929, 0.7916666865348816, 0.7833333611488342, 0.7749999761581421, 0.7666666507720947, 0.7666666507720947, 0.7749999761581421, 0.7749999761581421, 0.7833333611488342, 0.7833333611488342, 0.7916666865348816, 0.800000011920929], "val_loss": [0.4151194393634796, 0.40088599920272827, 0.3897877335548401, 0.37848344445228577, 0.36900532245635986, 0.36157235503196716, 0.3567233979701996, 0.35333052277565, 0.35079899430274963, 0.34870821237564087, 0.3468303978443146, 0.3452020585536957, 0.3429975211620331, 0.3376883566379547, 0.34002649784088135]}