{"accuracy": [0.746666669845581, 0.7699999809265137, 0.778333306312561, 0.7749999761581421, 0.7900000214576721, 0.7766666412353516, 0.79666668176651, 0.8050000071525574, 0.800000011920929, 0.7916666865348816, 0.8016666769981384, 0.8299999833106995, 0.8100000023841858, 0.8050000071525574, 0.800000011920929], "loss": [0.5006791353225708, 0.4299631714820862, 0.4079134464263916, 0.40871086716651917, 0.39130568504333496, 0.38194742798805237, 0.37164565920829773, 0.3595018684864044, 0.36614227294921875, 0.3593917489051819, 0.35095101594924927, 0.32628104090690613, 0.3606593608856201, 0.34543490409851074, 0.33958274126052856], "val_accuracy": [0.7400000095367432, 0.7716666460037231, 0.7649999856948853, 0.7733333110809326, 0.7733333110809326, 0.7833333611488342, 0.7883333563804626, 0.7883333563804626, 0.7900000214576721, 0.7883333563804626, 0.79666668176651, 0.7916666865348816, 0.7933333516120911, 0.7933333516120911, 0.7950000166893005], "val_loss": [0.4849452078342438, 0.43462225794792175, 0.4296948313713074, 0.4074861705303192, 0.3722969889640808, 0.37050187587738037, 0.36277520656585693, 0.35705453157424927, 0.34851741790771484, 0.34937477111816406, 0.3500744104385376, 0.3406539857387543, 0.34173524379730225, 0.33757808804512024, 0.33682987093925476]}