{"accuracy": [0.6953703761100769, 0.7435185313224792, 0.7824074029922485, 0.8009259104728699, 0.8212962746620178, 0.8203703761100769, 0.7962962985038757, 0.8296296000480652, 0.8287037014961243, 0.8222222328186035, 0.8425925970077515, 0.8268518447875977, 0.8324074149131775, 0.8379629850387573, 0.8407407402992249], "loss": [0.5284508466720581, 0.4597165286540985, 0.4135478436946869, 0.3858765959739685, 0.3620148301124573, 0.34433841705322266, 0.4044221341609955, 0.33911868929862976, 0.3466205596923828, 0.3347550630569458, 0.3262483775615692, 0.32879722118377686, 0.33010610938072205, 0.31642982363700867, 0.31400397419929504], "val_accuracy": [0.7666666507720947, 0.7833333611488342, 0.8166666626930237, 0.824999988079071, 0.824999988079071, 0.824999988079071, 0.8333333134651184, 0.824999988079071, 0.824999988079071, 0.824999988079071, 0.824999988079071, 0.824999988079071, 0.824999988079071, 0.8166666626930237, 0.800000011920929], "val_loss": [0.4611770808696747, 0.41909676790237427, 0.3887844681739807, 0.35484033823013306, 0.3474191129207611, 0.33950239419937134, 0.3359983563423157, 0.3356548547744751, 0.33301830291748047, 0.3315855860710144, 0.3310908377170563, 0.33336982131004333, 0.3269246518611908, 0.3310093283653259, 0.3329325318336487]}