{"accuracy": [0.7453703880310059, 0.7759259343147278, 0.8037037253379822, 0.8120370507240295, 0.8175926208496094, 0.8194444179534912, 0.8222222328186035, 0.8259259462356567, 0.8379629850387573, 0.8379629850387573, 0.835185170173645, 0.8472222089767456, 0.8333333134651184, 0.8518518805503845, 0.8435184955596924], "loss": [0.49420249462127686, 0.4143736660480499, 0.37635067105293274, 0.36168184876441956, 0.34664109349250793, 0.341898649930954, 0.34064027667045593, 0.3310563266277313, 0.32768362760543823, 0.3208812475204468, 0.32264816761016846, 0.31379276514053345, 0.3114221692085266, 0.30843353271484375, 0.2988872528076172], "val_accuracy": [0.8166666626930237, 0.7916666865348816, 0.8083333373069763, 0.8416666388511658, 0.8500000238418579, 0.8416666388511658, 0.8416666388511658, 0.8416666388511658, 0.8416666388511658, 0.8416666388511658, 0.824999988079071, 0.824999988079071, 0.800000011920929, 0.824999988079071, 0.8166666626930237], "val_loss": [0.45450443029403687, 0.3981529474258423, 0.3620198965072632, 0.34988313913345337, 0.34500226378440857, 0.3411068022251129, 0.33761662244796753, 0.33564698696136475, 0.3354145884513855, 0.3317060172557831, 0.331198513507843, 0.33117571473121643, 0.33263200521469116, 0.32751744985580444, 0.32580503821372986]}