{"accuracy": [0.7453703880310059, 0.75, 0.75, 0.7490741014480591, 0.7592592835426331, 0.7787036895751953, 0.7990740537643433, 0.800000011920929, 0.8138889074325562, 0.8083333373069763, 0.8185185194015503, 0.8240740895271301, 0.8185185194015503, 0.7722222208976746, 0.8055555820465088], "loss": [0.5067694187164307, 0.45404043793678284, 0.4342411458492279, 0.4205768406391144, 0.40845975279808044, 0.3943551778793335, 0.3832590878009796, 0.37241867184638977, 0.36155691742897034, 0.35338133573532104, 0.3493920564651489, 0.3425726592540741, 0.5541560649871826, 0.5773754119873047, 0.34191328287124634], "val_accuracy": [0.7250000238418579, 0.7250000238418579, 0.7250000238418579, 0.7250000238418579, 0.7250000238418579, 0.7333333492279053, 0.8500000238418579, 0.8666666746139526, 0.8916666507720947, 0.8999999761581421, 0.8999999761581421, 0.9083333611488342, 0.5083333253860474, 0.8416666388511658, 0.875], "val_loss": [0.48374509811401367, 0.45226556062698364, 0.43507277965545654, 0.41573649644851685, 0.39589980244636536, 0.3789237141609192, 0.3612061142921448, 0.34693580865859985, 0.33495575189590454, 0.329371839761734, 0.3184771239757538, 0.30878058075904846, 3.190804958343506, 0.3088761568069458, 0.3084734082221985]}