{"accuracy": [0.7833333611488342, 0.8287037014961243, 0.8120370507240295, 0.8277778029441833, 0.8472222089767456, 0.9009259343147278, 0.9027777910232544, 0.8925926089286804, 0.9129629731178284, 0.9231481552124023, 0.9324073791503906, 0.9537037014961243, 0.9111111164093018, 0.9240740537643433, 0.9518518447875977], "loss": [0.44014772772789, 0.3613227903842926, 0.3712932765483856, 0.3384747803211212, 0.3146362006664276, 0.22671903669834137, 0.21198256313800812, 0.23591972887516022, 0.20002542436122894, 0.17657309770584106, 0.15261103212833405, 0.12143256515264511, 0.20771585404872894, 0.1818835437297821, 0.11717674881219864], "val_accuracy": [0.8166666626930237, 0.8583333492279053, 0.875, 0.8999999761581421, 0.9083333611488342, 0.9583333134651184, 0.9333333373069763, 0.925000011920929, 0.949999988079071, 0.9583333134651184, 0.9750000238418579, 0.9583333134651184, 0.9416666626930237, 0.9750000238418579, 0.9666666388511658], "val_loss": [0.3487038314342499, 0.3545103669166565, 0.29231908917427063, 0.25578978657722473, 0.20481421053409576, 0.10608472675085068, 0.14683809876441956, 0.14592240750789642, 0.13951560854911804, 0.11669950187206268, 0.0764026939868927, 0.09098688513040543, 0.15940417349338531, 0.06810751557350159, 0.06660868972539902]}