{"accuracy": [0.7287036776542664, 0.7675926089286804, 0.8009259104728699, 0.8018518686294556, 0.8009259104728699, 0.835185170173645, 0.800000011920929, 0.8083333373069763, 0.8074073791503906, 0.7990740537643433, 0.8064814805984497, 0.8111110925674438, 0.8092592358589172, 0.800000011920929, 0.8111110925674438], "loss": [0.4854823350906372, 0.4187488257884979, 0.38687536120414734, 0.37023529410362244, 0.3596594035625458, 0.34283268451690674, 0.36087945103645325, 0.35187578201293945, 0.3857114315032959, 0.3562423288822174, 0.3478407859802246, 0.3491911292076111, 0.34121158719062805, 0.33879581093788147, 0.33893704414367676], "val_accuracy": [0.7749999761581421, 0.8333333134651184, 0.8416666388511658, 0.824999988079071, 0.824999988079071, 0.8416666388511658, 0.8416666388511658, 0.8333333134651184, 0.8083333373069763, 0.8333333134651184, 0.8416666388511658, 0.8416666388511658, 0.8500000238418579, 0.8500000238418579, 0.8416666388511658], "val_loss": [0.4336606562137604, 0.38476747274398804, 0.3568040430545807, 0.33577102422714233, 0.32323312759399414, 0.31691235303878784, 0.3162517547607422, 0.3146125078201294, 0.31513819098472595, 0.3066354990005493, 0.3055069148540497, 0.30450546741485596, 0.3017602562904358, 0.29996824264526367, 0.30227261781692505]}