{"accuracy": [0.789814829826355, 0.8037037253379822, 0.7749999761581421, 0.8074073791503906, 0.8212962746620178, 0.8259259462356567, 0.8277778029441833, 0.8277778029441833, 0.8268518447875977, 0.8268518447875977, 0.8296296000480652, 0.835185170173645, 0.845370352268219, 0.8481481671333313, 0.8740741014480591], "loss": [0.4603925347328186, 0.40138280391693115, 0.3844360113143921, 0.37329456210136414, 0.36393147706985474, 0.3549548387527466, 0.3483380079269409, 0.341067910194397, 0.335684597492218, 0.3305622339248657, 0.3243185579776764, 0.3177013099193573, 0.30759626626968384, 0.29420560598373413, 0.27299773693084717], "val_accuracy": [0.7916666865348816, 0.7416666746139526, 0.7583333253860474, 0.75, 0.8166666626930237, 0.8166666626930237, 0.824999988079071, 0.8166666626930237, 0.8166666626930237, 0.8166666626930237, 0.8333333134651184, 0.824999988079071, 0.8583333492279053, 0.8833333253860474, 0.8916666507720947], "val_loss": [0.4385654628276825, 0.41256383061408997, 0.39854368567466736, 0.38901326060295105, 0.3785862624645233, 0.3721562922000885, 0.36366742849349976, 0.35815924406051636, 0.35361188650131226, 0.348741352558136, 0.34281793236732483, 0.3340674638748169, 0.3228534162044525, 0.3096710741519928, 0.2837572693824768]}