{"accuracy": [0.753333330154419, 0.7566666603088379, 0.7366666793823242, 0.7366666793823242, 0.7433333396911621, 0.7583333253860474, 0.8183333277702332, 0.8216666579246521, 0.8233333230018616, 0.8149999976158142, 0.8149999976158142, 0.8266666531562805, 0.82833331823349, 0.82833331823349, 0.8266666531562805], "loss": [0.5037732720375061, 0.45679575204849243, 0.4368519186973572, 0.42419615387916565, 0.41311216354370117, 0.40277594327926636, 0.39370280504226685, 0.38515135645866394, 0.37786099314689636, 0.37156417965888977, 0.36592793464660645, 0.36169764399528503, 0.3569119870662689, 0.3520163595676422, 0.3482728898525238], "val_accuracy": [0.8033333420753479, 0.7599999904632568, 0.7599999904632568, 0.7599999904632568, 0.7666666507720947, 0.7866666913032532, 0.8016666769981384, 0.8016666769981384, 0.8033333420753479, 0.8033333420753479, 0.8133333325386047, 0.8133333325386047, 0.8166666626930237, 0.8333333134651184, 0.8349999785423279], "val_loss": [0.454842209815979, 0.42575332522392273, 0.40997248888015747, 0.39860814809799194, 0.3886532187461853, 0.3794240355491638, 0.37081512808799744, 0.3637406826019287, 0.35767027735710144, 0.35243093967437744, 0.3477020263671875, 0.3430715501308441, 0.33906811475753784, 0.3351621925830841, 0.3311901390552521]}