{"accuracy": [0.7416666746139526, 0.7633333206176758, 0.7666666507720947, 0.7749999761581421, 0.7749999761581421, 0.7833333611488342, 0.7766666412353516, 0.7866666913032532, 0.8183333277702332, 0.8083333373069763, 0.8033333420753479, 0.7749999761581421, 0.8116666674613953, 0.8199999928474426, 0.8100000023841858], "loss": [0.5212705731391907, 0.4553866684436798, 0.4305693507194519, 0.41294705867767334, 0.3820248544216156, 0.3752654790878296, 0.38332468271255493, 0.37059810757637024, 0.35032781958580017, 0.37540557980537415, 0.3626392185688019, 0.35966652631759644, 0.3477494418621063, 0.3416493237018585, 0.3371870219707489], "val_accuracy": [0.7816666960716248, 0.8050000071525574, 0.8016666769981384, 0.8050000071525574, 0.8033333420753479, 0.8066666722297668, 0.8083333373069763, 0.8233333230018616, 0.8183333277702332, 0.8100000023841858, 0.824999988079071, 0.8166666626930237, 0.8233333230018616, 0.8266666531562805, 0.8333333134651184], "val_loss": [0.4810485243797302, 0.4390704333782196, 0.418588250875473, 0.39173394441604614, 0.3760141134262085, 0.36748456954956055, 0.35744529962539673, 0.3426976501941681, 0.34190618991851807, 0.3381229639053345, 0.3349301517009735, 0.3309226632118225, 0.32686057686805725, 0.32585498690605164, 0.32011735439300537]}