{"accuracy": [0.8037037253379822, 0.8490740656852722, 0.8490740656852722, 0.8518518805503845, 0.8620370626449585, 0.8712962865829468, 0.8592592477798462, 0.864814817905426, 0.8768518567085266, 0.9157407283782959, 0.9212962985038757, 0.9324073791503906, 0.9388889074325562, 0.9490740895271301, 0.9453703761100769], "loss": [0.4200815260410309, 0.3329383134841919, 0.30683550238609314, 0.29824209213256836, 0.2719799280166626, 0.26420581340789795, 0.2651680111885071, 0.276862770318985, 0.2368181198835373, 0.18645234405994415, 0.1765259951353073, 0.16432081162929535, 0.14145492017269135, 0.12335501611232758, 0.12054542452096939], "val_accuracy": [0.8500000238418579, 0.875, 0.8583333492279053, 0.8583333492279053, 0.8500000238418579, 0.875, 0.8916666507720947, 0.875, 0.8999999761581421, 0.9333333373069763, 0.925000011920929, 0.9583333134651184, 0.949999988079071, 0.949999988079071, 0.925000011920929], "val_loss": [0.33386966586112976, 0.24933072924613953, 0.2860279083251953, 0.2723962068557739, 0.2748662233352661, 0.23039904236793518, 0.20918741822242737, 0.23849530518054962, 0.17465347051620483, 0.14498957991600037, 0.146916925907135, 0.1090889424085617, 0.11125233769416809, 0.11540143936872482, 0.14129167795181274]}