{"accuracy": [0.7453703880310059, 0.7777777910232544, 0.7888888716697693, 0.7981481552124023, 0.8166666626930237, 0.8324074149131775, 0.8222222328186035, 0.8203703761100769, 0.8333333134651184, 0.8287037014961243, 0.824999988079071, 0.824999988079071, 0.8379629850387573, 0.8324074149131775, 0.8388888835906982], "loss": [0.49158352613449097, 0.4187938868999481, 0.3887026011943817, 0.374472051858902, 0.36560919880867004, 0.34425225853919983, 0.34469476342201233, 0.3469964265823364, 0.33652395009994507, 0.3563406765460968, 0.3371209502220154, 0.32950711250305176, 0.3272985816001892, 0.3212997019290924, 0.32130372524261475], "val_accuracy": [0.8666666746139526, 0.8583333492279053, 0.824999988079071, 0.8333333134651184, 0.8416666388511658, 0.8416666388511658, 0.8416666388511658, 0.8416666388511658, 0.8333333134651184, 0.8583333492279053, 0.8333333134651184, 0.8416666388511658, 0.8416666388511658, 0.8416666388511658, 0.8416666388511658], "val_loss": [0.44565513730049133, 0.3804694414138794, 0.353967547416687, 0.33399489521980286, 0.32350343465805054, 0.31567394733428955, 0.32061511278152466, 0.31706181168556213, 0.3094552755355835, 0.30569884181022644, 0.3072974383831024, 0.3033435642719269, 0.30631840229034424, 0.3007640242576599, 0.2979526221752167]}