{"accuracy": [0.7716666460037231, 0.824999988079071, 0.871666669845581, 0.8766666650772095, 0.8916666507720947, 0.8983333110809326, 0.9200000166893005, 0.9316666722297668, 0.9183333516120911, 0.9316666722297668, 0.9399999976158142, 0.9383333325386047, 0.9399999976158142, 0.9300000071525574, 0.9516666531562805], "loss": [0.45335653424263, 0.3441820442676544, 0.29663002490997314, 0.2629246413707733, 0.232167050242424, 0.2282102257013321, 0.2047065794467926, 0.16950422525405884, 0.17980974912643433, 0.15097154676914215, 0.1355016678571701, 0.13269533216953278, 0.1448039412498474, 0.15040503442287445, 0.12383394688367844], "val_accuracy": [0.8016666769981384, 0.8199999928474426, 0.82833331823349, 0.8199999928474426, 0.8299999833106995, 0.8899999856948853, 0.9200000166893005, 0.9366666674613953, 0.9183333516120911, 0.9283333420753479, 0.949999988079071, 0.9316666722297668, 0.9283333420753479, 0.9233333468437195, 0.9599999785423279], "val_loss": [0.39388740062713623, 0.34259533882141113, 0.30988165736198425, 0.3062751889228821, 0.28391045331954956, 0.24625292420387268, 0.16933216154575348, 0.1417471468448639, 0.14541321992874146, 0.1418740600347519, 0.12091445922851562, 0.12987230718135834, 0.13732324540615082, 0.14991921186447144, 0.09422530978918076]}