{"accuracy": [0.6509259343147278, 0.7407407164573669, 0.7435185313224792, 0.7407407164573669, 0.75, 0.7657407522201538, 0.7833333611488342, 0.7972221970558167, 0.8240740895271301, 0.8305555582046509, 0.8361111283302307, 0.8611111044883728, 0.8833333253860474, 0.894444465637207, 0.9296296238899231], "loss": [0.5491701364517212, 0.4912913143634796, 0.4671527147293091, 0.44826310873031616, 0.43062692880630493, 0.4134470224380493, 0.3974580466747284, 0.38190802931785583, 0.3682814836502075, 0.35552456974983215, 0.3416154980659485, 0.31699106097221375, 0.2891319990158081, 0.24708673357963562, 0.19864705204963684], "val_accuracy": [0.7833333611488342, 0.7833333611488342, 0.7833333611488342, 0.7833333611488342, 0.7833333611488342, 0.7749999761581421, 0.7833333611488342, 0.7916666865348816, 0.8166666626930237, 0.824999988079071, 0.8083333373069763, 0.824999988079071, 0.8416666388511658, 0.875, 0.925000011920929], "val_loss": [0.4714335799217224, 0.4411573112010956, 0.42588961124420166, 0.4153100550174713, 0.4069421887397766, 0.40035295486450195, 0.39370378851890564, 0.38892021775245667, 0.38431209325790405, 0.37956297397613525, 0.3686447739601135, 0.35220253467559814, 0.33799174427986145, 0.27160948514938354, 0.1989251673221588]}