{"accuracy": [0.789814829826355, 0.8472222089767456, 0.854629635810852, 0.8814814686775208, 0.925000011920929, 0.9351851940155029, 0.9333333373069763, 0.9370370507240295, 0.9509259462356567, 0.9527778029441833, 0.9537037014961243, 0.9685184955596924, 0.9611111283302307, 0.9722222089767456, 0.9777777791023254], "loss": [0.4624522030353546, 0.36100059747695923, 0.3377026617527008, 0.25384053587913513, 0.16236919164657593, 0.14594675600528717, 0.1452525109052658, 0.14616288244724274, 0.12104985117912292, 0.11980236321687698, 0.11203973740339279, 0.07946193218231201, 0.09457521140575409, 0.07920979708433151, 0.06711093336343765], "val_accuracy": [0.75, 0.7749999761581421, 0.8083333373069763, 0.875, 0.8916666507720947, 0.8916666507720947, 0.925000011920929, 0.9083333611488342, 0.9416666626930237, 0.8916666507720947, 0.9333333373069763, 0.9416666626930237, 0.9083333611488342, 0.9416666626930237, 0.9416666626930237], "val_loss": [0.5061532855033875, 0.45553576946258545, 0.3870350420475006, 0.21367725729942322, 0.2278318554162979, 0.21402692794799805, 0.18136347830295563, 0.20696917176246643, 0.15367312729358673, 0.16146399080753326, 0.155076265335083, 0.12268252670764923, 0.15645530819892883, 0.14369235932826996, 0.1213245615363121]}