{"accuracy": [0.7277777791023254, 0.8018518686294556, 0.8138889074325562, 0.8009259104728699, 0.8203703761100769, 0.8203703761100769, 0.8129629492759705, 0.8212962746620178, 0.8101851940155029, 0.8166666626930237, 0.8231481313705444, 0.8212962746620178, 0.8185185194015503, 0.8222222328186035, 0.8222222328186035], "loss": [0.48089832067489624, 0.39136090874671936, 0.36281827092170715, 0.36203673481941223, 0.3478719890117645, 0.3379037082195282, 0.34049367904663086, 0.3340182602405548, 0.32975438237190247, 0.3302125036716461, 0.3185599744319916, 0.32259300351142883, 0.32310807704925537, 0.32310184836387634, 0.367715448141098], "val_accuracy": [0.7916666865348816, 0.7833333611488342, 0.7833333611488342, 0.800000011920929, 0.7916666865348816, 0.7916666865348816, 0.7916666865348816, 0.7916666865348816, 0.7916666865348816, 0.7916666865348816, 0.800000011920929, 0.7833333611488342, 0.800000011920929, 0.7833333611488342, 0.7916666865348816], "val_loss": [0.4687781035900116, 0.42218512296676636, 0.40600234270095825, 0.39719823002815247, 0.39323851466178894, 0.3914819061756134, 0.38885900378227234, 0.3874880373477936, 0.38684341311454773, 0.387527197599411, 0.3870507776737213, 0.3842761218547821, 0.3850930333137512, 0.38360562920570374, 0.3722001314163208]}