{"accuracy": [0.6027777791023254, 0.6796296238899231, 0.7018518447875977, 0.7314814925193787, 0.75, 0.7722222208976746, 0.8694444298744202, 0.8527777791023254, 0.9175925850868225, 0.8842592835426331, 0.875, 0.9481481313705444, 0.9842592477798462, 0.9879629611968994, 0.7888888716697693], "loss": [0.7245785593986511, 0.551319420337677, 0.5179140567779541, 0.48991551995277405, 0.4575828015804291, 0.4244016408920288, 0.3445170521736145, 0.3402542173862457, 0.2556550204753876, 0.2829090654850006, 0.31238237023353577, 0.21504907310009003, 0.07887329906225204, 0.034066200256347656, 0.8520164489746094], "val_accuracy": [0.6416666507720947, 0.699999988079071, 0.7083333134651184, 0.7083333134651184, 0.7083333134651184, 0.7250000238418579, 0.9166666865348816, 0.7250000238418579, 0.9833333492279053, 0.7083333134651184, 0.9166666865348816, 0.9666666388511658, 1.0, 0.7083333134651184, 0.7749999761581421], "val_loss": [0.6369136571884155, 0.6424930095672607, 0.629173219203949, 0.5841140747070312, 0.5330315232276917, 0.4151049554347992, 0.21903298795223236, 0.39099615812301636, 0.12019770592451096, 0.478841632604599, 0.27304399013519287, 0.12128657847642899, 0.014552957378327847, 2.151352643966675, 0.397243857383728]}