{"accuracy": [0.7314814925193787, 0.7453703880310059, 0.7453703880310059, 0.7462962865829468, 0.7472222447395325, 0.7490741014480591, 0.7749999761581421, 0.7888888716697693, 0.8083333373069763, 0.8175926208496094, 0.8194444179534912, 0.8222222328186035, 0.8194444179534912, 0.8259259462356567, 0.8277778029441833], "loss": [0.529468834400177, 0.47308599948883057, 0.46244922280311584, 0.44808247685432434, 0.42826297879219055, 0.415515661239624, 0.40262749791145325, 0.3877778649330139, 0.3776516616344452, 0.3672012984752655, 0.35869303345680237, 0.35321807861328125, 0.3467606008052826, 0.34119462966918945, 0.3665420114994049], "val_accuracy": [0.699999988079071, 0.7083333134651184, 0.7083333134651184, 0.7083333134651184, 0.7083333134651184, 0.7083333134651184, 0.7333333492279053, 0.75, 0.7583333253860474, 0.7583333253860474, 0.800000011920929, 0.7916666865348816, 0.7916666865348816, 0.7833333611488342, 0.800000011920929], "val_loss": [0.5168794393539429, 0.511366605758667, 0.5019816756248474, 0.47982120513916016, 0.4654146730899811, 0.45003756880760193, 0.4357006251811981, 0.42354729771614075, 0.4134635925292969, 0.4061938524246216, 0.39799201488494873, 0.3910036087036133, 0.38486990332603455, 0.37864944338798523, 0.3859521150588989]}