{"accuracy": [0.6777777671813965, 0.7509258985519409, 0.7787036895751953, 0.7870370149612427, 0.9037036895751953, 0.894444465637207, 0.9851852059364319, 0.9824073910713196, 0.9833333492279053, 0.9925925731658936, 0.9953703880310059, 0.895370364189148, 0.925000011920929, 0.970370352268219, 0.9916666746139526], "loss": [0.5998122096061707, 0.4715783894062042, 0.433206707239151, 0.3904085159301758, 0.2801891565322876, 0.2453748881816864, 0.07901179790496826, 0.07652485370635986, 0.05913390591740608, 0.0316581055521965, 0.018863195553421974, 0.28176525235176086, 0.24157749116420746, 0.13909819722175598, 0.04804816469550133], "val_accuracy": [0.7083333134651184, 0.7083333134651184, 0.7166666388511658, 0.7166666388511658, 0.925000011920929, 1.0, 0.9916666746139526, 0.9333333373069763, 1.0, 1.0, 0.9916666746139526, 0.7166666388511658, 0.9416666626930237, 0.949999988079071, 1.0], "val_loss": [0.5472637414932251, 0.5101567506790161, 0.5245451331138611, 0.37989065051078796, 0.26060980558395386, 0.138540580868721, 0.06022428721189499, 0.17801745235919952, 0.006911343429237604, 0.029961341992020607, 0.04222152754664421, 0.39256346225738525, 0.17859403789043427, 0.11421713978052139, 0.015421110205352306]}