{"accuracy": [0.7749999761581421, 0.8305555582046509, 0.8379629850387573, 0.8342592716217041, 0.8638888597488403, 0.8666666746139526, 0.8833333253860474, 0.9120370149612427, 0.9370370507240295, 0.9472222328186035, 0.9481481313705444, 0.9527778029441833, 0.9638888835906982, 0.9675925970077515, 0.9750000238418579], "loss": [0.47035878896713257, 0.3940911293029785, 0.36185693740844727, 0.33924412727355957, 0.29218801856040955, 0.2769337594509125, 0.24466092884540558, 0.174943745136261, 0.13932277262210846, 0.13375329971313477, 0.12384427338838577, 0.11035048961639404, 0.10093215852975845, 0.08853273093700409, 0.07122014462947845], "val_accuracy": [0.75, 0.7916666865348816, 0.7749999761581421, 0.8083333373069763, 0.8166666626930237, 0.8333333134651184, 0.8916666507720947, 0.875, 0.9083333611488342, 0.8833333253860474, 0.9333333373069763, 0.9750000238418579, 0.9333333373069763, 0.9666666388511658, 0.9583333134651184], "val_loss": [0.4859629273414612, 0.41170504689216614, 0.4136800765991211, 0.35985878109931946, 0.3478519022464752, 0.33346766233444214, 0.24629606306552887, 0.22945761680603027, 0.19015531241893768, 0.23922127485275269, 0.1671447455883026, 0.1033754050731659, 0.15265068411827087, 0.09901914745569229, 0.09657339751720428]}