{"accuracy": [0.720370352268219, 0.7759259343147278, 0.7962962985038757, 0.8018518686294556, 0.8037037253379822, 0.8166666626930237, 0.8194444179534912, 0.8157407641410828, 0.8268518447875977, 0.8240740895271301, 0.8175926208496094, 0.8212962746620178, 0.8203703761100769, 0.8277778029441833, 0.8101851940155029], "loss": [0.49789947271347046, 0.4104803502559662, 0.37607645988464355, 0.36138057708740234, 0.35644322633743286, 0.34456488490104675, 0.34158310294151306, 0.3346100151538849, 0.3314140737056732, 0.3287160396575928, 0.31991907954216003, 0.3254762887954712, 0.32470643520355225, 0.32911813259124756, 0.33334195613861084], "val_accuracy": [0.7749999761581421, 0.7916666865348816, 0.8083333373069763, 0.800000011920929, 0.800000011920929, 0.8166666626930237, 0.7916666865348816, 0.800000011920929, 0.8083333373069763, 0.8083333373069763, 0.8083333373069763, 0.8166666626930237, 0.800000011920929, 0.8166666626930237, 0.800000011920929], "val_loss": [0.4782058000564575, 0.42284005880355835, 0.37962284684181213, 0.36471500992774963, 0.35963964462280273, 0.36196938157081604, 0.34431159496307373, 0.34354013204574585, 0.3453245759010315, 0.3434886932373047, 0.34004101157188416, 0.34294289350509644, 0.3335902988910675, 0.3430807292461395, 0.335482120513916]}