{"accuracy": [0.7462962865829468, 0.7462962865829468, 0.7462962865829468, 0.7490741014480591, 0.7555555701255798, 0.7768518328666687, 0.8185185194015503, 0.8361111283302307, 0.8259259462356567, 0.8268518447875977, 0.8342592716217041, 0.8370370268821716, 0.8370370268821716, 0.8462963104248047, 0.854629635810852], "loss": [0.500961184501648, 0.4404778480529785, 0.4243139624595642, 0.40986597537994385, 0.39556002616882324, 0.38127273321151733, 0.36961594223976135, 0.3595440983772278, 0.3501496911048889, 0.3431192934513092, 0.33671265840530396, 0.3298882842063904, 0.32168126106262207, 0.31034860014915466, 0.2953247129917145], "val_accuracy": [0.7083333134651184, 0.7083333134651184, 0.7083333134651184, 0.7083333134651184, 0.7166666388511658, 0.7166666388511658, 0.7916666865348816, 0.8333333134651184, 0.8333333134651184, 0.8333333134651184, 0.8333333134651184, 0.8416666388511658, 0.8166666626930237, 0.824999988079071, 0.8583333492279053], "val_loss": [0.49354588985443115, 0.4727538228034973, 0.4569285213947296, 0.44313496351242065, 0.4240714907646179, 0.40860337018966675, 0.3971330225467682, 0.3818611204624176, 0.3763292729854584, 0.36821115016937256, 0.36015936732292175, 0.3496265709400177, 0.336931973695755, 0.321928471326828, 0.30496612191200256]}