{"accuracy": [0.769444465637207, 0.8203703761100769, 0.8509259223937988, 0.8685185313224792, 0.8564814925193787, 0.8805555701255798, 0.8768518567085266, 0.9101851582527161, 0.9305555820465088, 0.914814829826355, 0.9398148059844971, 0.949999988079071, 0.9537037014961243, 0.9481481313705444, 0.9611111283302307], "loss": [0.4747278392314911, 0.39155781269073486, 0.3395274877548218, 0.29171445965766907, 0.29402080178260803, 0.2549309730529785, 0.252306193113327, 0.2061009258031845, 0.17585663497447968, 0.18847914040088654, 0.13918188214302063, 0.12136612087488174, 0.1144295185804367, 0.1233176738023758, 0.1064039096236229], "val_accuracy": [0.824999988079071, 0.8166666626930237, 0.8583333492279053, 0.8583333492279053, 0.7666666507720947, 0.8666666746139526, 0.8833333253860474, 0.9666666388511658, 0.949999988079071, 0.9666666388511658, 0.9416666626930237, 0.9666666388511658, 0.9666666388511658, 0.9750000238418579, 0.9916666746139526], "val_loss": [0.43888717889785767, 0.39135172963142395, 0.3022882044315338, 0.2692168653011322, 0.3445887863636017, 0.24373124539852142, 0.20595113933086395, 0.14285758137702942, 0.15481539070606232, 0.13441480696201324, 0.12475772202014923, 0.12821178138256073, 0.12694098055362701, 0.07569898664951324, 0.04868011549115181]}