{"accuracy": [0.7166666388511658, 0.7546296119689941, 0.7546296119689941, 0.7546296119689941, 0.7546296119689941, 0.7546296119689941, 0.7592592835426331, 0.7731481194496155, 0.7972221970558167, 0.8111110925674438, 0.8046296238899231, 0.8120370507240295, 0.8148148059844971, 0.8185185194015503, 0.8222222328186035], "loss": [0.5307499170303345, 0.44983789324760437, 0.4294305443763733, 0.4170544445514679, 0.4043189287185669, 0.39057227969169617, 0.37924909591674805, 0.3696945309638977, 0.36115562915802, 0.3537948727607727, 0.3496471643447876, 0.3445674777030945, 0.33930546045303345, 0.33469316363334656, 0.3302684724330902], "val_accuracy": [0.7083333134651184, 0.7083333134651184, 0.7083333134651184, 0.7083333134651184, 0.7083333134651184, 0.7083333134651184, 0.7083333134651184, 0.7166666388511658, 0.800000011920929, 0.7833333611488342, 0.800000011920929, 0.7916666865348816, 0.7833333611488342, 0.800000011920929, 0.7833333611488342], "val_loss": [0.5053881406784058, 0.4829183518886566, 0.46519431471824646, 0.4595694839954376, 0.43749764561653137, 0.4228689968585968, 0.4114242494106293, 0.4033624231815338, 0.39280205965042114, 0.38956934213638306, 0.38599893450737, 0.3804665505886078, 0.375186026096344, 0.37165865302085876, 0.363717257976532]}