{"accuracy": [0.7657407522201538, 0.7555555701255798, 0.7620370388031006, 0.7611111402511597, 0.7787036895751953, 0.8037037253379822, 0.8120370507240295, 0.8231481313705444, 0.8148148059844971, 0.8083333373069763, 0.8101851940155029, 0.8148148059844971, 0.7370370626449585, 0.7888888716697693, 0.8138889074325562], "loss": [0.5101770162582397, 0.4505608379840851, 0.4355299770832062, 0.4177248775959015, 0.4047497808933258, 0.3905983865261078, 0.3796360492706299, 0.36957380175590515, 0.3621808886528015, 0.3559594452381134, 0.35190969705581665, 0.3475853502750397, 0.8357843160629272, 0.40411534905433655, 0.34724166989326477], "val_accuracy": [0.7166666388511658, 0.7166666388511658, 0.7166666388511658, 0.7333333492279053, 0.7666666507720947, 0.7666666507720947, 0.8083333373069763, 0.8083333373069763, 0.800000011920929, 0.800000011920929, 0.8083333373069763, 0.8166666626930237, 0.7583333253860474, 0.8083333373069763, 0.800000011920929], "val_loss": [0.49124571681022644, 0.47681280970573425, 0.4537988007068634, 0.4381212890148163, 0.4218149781227112, 0.4079602062702179, 0.39591261744499207, 0.3871733248233795, 0.38036346435546875, 0.3750450909137726, 0.3689773976802826, 0.3610842525959015, 0.49218666553497314, 0.3766143023967743, 0.373613566160202]}